0,1,2,3,4,5,6,7,8,9,10,11,12,13,14,15,16,17,18,19,20,21,22,23,24,25,26,27,28,29,30,31,32,33,34,35,36,37,38,39,40,41,42,43,44,45,46,47,48,49,50,51,52,53,54,55,56,57,58,59,60,61,62,63,64,65,66,67,68,69,70,71
1.0,0.9189758014863989,0.8591344957067024,0.8016899268610566,0.7525760180017589,0.7018251616910699,0.6638286974410924,0.5957274972965089,0.5410127324790468,0.4952726053899589,0.46502939869102977,0.4389514032302679,0.4132993233513731,0.38388633806720757,0.3426759012854609,0.32948597260189,0.30489911423766586,0.2544467365447326,0.24203819970009238,0.2620782240145392,0.27675591079695677,0.3227617952815833,0.33190779473733506,0.3438763012142683,0.5053150121255203,0.6804580486984352,-0.006805133710201071,-0.0004436302116876313,-0.0030368546177663974,-0.005077419815775571,-0.011937289709897075,-0.02131720353268129,-0.039541107209367383,-0.08238502194163105,-0.14438488866813418,-0.19546532693995775,-0.23188308501017416,-0.24605727990771448,-0.2535028360659503,-0.25305230397072626,-0.251449971249792,-0.24915604512977682,-0.24896923899155754,-0.24125462239252715,-0.2320609192886632,-0.22423358723530323,-0.21507253031714843,-0.2102103997308268,-0.20537972654413547,-0.19788576621167067,-0.23727286270171535,-0.16352847962895192,-0.03708147287147584,0.13357673251421506,0.18571358439433805,0.3842780970600523,-0.22426258125200257,-0.018212810015148264,0.07713403332761808,0.2093888162995154,0.3901656763632589,-0.17942429412682126,-0.12002993353031065,0.12157807181006562,0.208414440720005,0.319684810257017,-0.1469094881857138,0.09526064505237043,0.14766581879600654,-0.116262436295489,-0.1120674995694952,0.09146621178483087
0.9189758014863989,1.0,0.9246154015977118,0.8507389486075245,0.801421754938124,0.7462324096591393,0.7088132870442427,0.6407430367849488,0.5750873525855472,0.5216388438199017,0.4837898743012241,0.45942175230870685,0.4270565185440294,0.3923980197122221,0.34883511752292373,0.3362633850669689,0.31046839617454425,0.25671258025057553,0.2373991309431674,0.25119325811854903,0.2610445600441408,0.3110681387819778,0.32192769302416024,0.33625978730362904,0.5156276009637237,0.7021117725815113,-0.03290263120949975,-0.025163561153462417,-0.02568679954399593,-0.029134066564933128,-0.037569422009957276,-0.047767887691211805,-0.06676534193208915,-0.1108794961200151,-0.17558415373423467,-0.22783802027789082,-0.2665140345638821,-0.2813954464217015,-0.2900093798885836,-0.2875535807777156,-0.28566158084316723,-0.28322668968706044,-0.28377315084228444,-0.2756340783105067,-0.26655226477358995,-0.25865114745587364,-0.249912532890776,-0.24485102070089526,-0.23951561838932564,-0.2318884015983333,-0.2695896796848155,-0.19584420712390677,-0.057028521184526844,0.13251426758913118,0.18518148537013576,0.3529564899194648,-0.23308740543788836,-0.04128701336331918,0.08509409163253315,0.2234669160741987,0.3837381816630863,-0.19732084353578597,-0.1353598445411819,0.1125165511387016,0.217508541304998,0.3210612846186054,-0.16609718234643475,0.09238856137203014,0.140948762480074,-0.1053159006828846,-0.10209618163777917,0.10230322282218834
0.8591344957067024,0.9246154015977118,1.0,0.9165179514758713,0.8459856667257938,0.7849733405438509,0.7458250043229482,0.6732178138160584,0.6064490206733157,0.5558623661715052,0.5126611696480478,0.4888007909285131,0.4632908859291986,0.427935207046671,0.38616172804430854,0.35947694313891376,0.3275356576654266,0.2645939252212572,0.23901978092575982,0.2547298056522746,0.26321068748725185,0.3166505218638638,0.3306518521161088,0.3461799063596731,0.5334287403432403,0.7289525484696618,-0.06536786968902003,-0.05517514128937386,-0.052335201697919234,-0.053689455980531986,-0.06249104310337539,-0.07294230620479336,-0.09260529777361494,-0.13941888802522742,-0.20561992792102052,-0.25943056949754906,-0.29692481221111067,-0.3122035592676122,-0.3203843694815081,-0.31776720871753883,-0.3180663769755262,-0.31834532854177,-0.3190585140036944,-0.3108674252012111,-0.3004717373171811,-0.2904608494532205,-0.28062312282944984,-0.274963516483434,-0.2689610780876592,-0.26153028005507867,-0.30288096571314305,-0.2274305720975013,-0.08590200102205944,0.12854319928057806,0.19458003471990507,0.35234259680573526,-0.2368262386153964,-0.06422142573905701,0.08058715391295687,0.24202946711024048,0.38759274760111423,-0.2142211956547639,-0.15747714466256088,0.10034885662704672,0.24686588042380064,0.3337705897881634,-0.18700512509476666,0.0803304184480903,0.1268548962684739,-0.08707096162409551,-0.11356990089550342,0.09708252672410095
0.8016899268610566,0.8507389486075245,0.9165179514758713,1.0,0.9135178725698033,0.8455780235653592,0.7884959507015867,0.7073791336266042,0.6248092545842986,0.5686331303163172,0.5255656015712644,0.5029819966353678,0.47756234602035824,0.44056641758901066,0.3967646393670179,0.36195519980818186,0.32283635241619996,0.25693435299874257,0.2376097255425135,0.25732503301073006,0.2668472398648592,0.31419560684319797,0.33124945329336336,0.34567545633772767,0.5311428502084732,0.7368182763872559,-0.0933688152839729,-0.08323593658012139,-0.07580882628896704,-0.07572405488488822,-0.08318267407903868,-0.09353018317524568,-0.11413584387717247,-0.163589395341138,-0.23237706875041833,-0.28576922164095303,-0.32364886672495985,-0.33921286630389513,-0.3469473650987326,-0.3447770368936681,-0.34473073173039326,-0.3444245108992387,-0.34443968221555704,-0.3341842387963675,-0.32210712590043156,-0.3115608170302157,-0.3004549622082625,-0.29414058263541687,-0.28651408760768265,-0.27929033759647076,-0.33131650384908823,-0.25230796133862743,-0.10284611516525084,0.13255826498528464,0.1956643813116917,0.3324024019270889,-0.25533951182052417,-0.08036571020120108,0.08153222789927354,0.24554885657148465,0.3760500413591737,-0.23645938096782376,-0.17280177749645773,0.10007001011355418,0.2616733258461283,0.3317839260047106,-0.20792364386847678,0.0742291666172367,0.12186810632047583,-0.08703417923241161,-0.10671877422715902,0.10261461905490767
0.7525760180017589,0.801421754938124,0.8459856667257938,0.9135178725698033,1.0,0.914250346678959,0.8353143043153662,0.73457057277562,0.6279987743154715,0.5640218590065724,0.5225941518323326,0.5003255037907437,0.4797094245536134,0.4375410307558488,0.3896921791462112,0.35700984083726783,0.3130626776573485,0.2399600768821683,0.21900075381714004,0.23633886650669295,0.24634992988785764,0.2913412299287158,0.30962379584831484,0.33000870906888957,0.5226673314543528,0.7252595514091983,-0.11851929430693764,-0.10875099323318241,-0.10213989510463684,-0.10080335107874874,-0.10501194890614458,-0.11440825732989232,-0.13697513386180316,-0.18833018695877357,-0.2572878402780954,-0.3105800871281897,-0.3460384044440934,-0.3589015308376479,-0.3665517353918012,-0.3670497200632246,-0.3666666912083124,-0.366420117758086,-0.36525142721831627,-0.3536908382736096,-0.3416833268904628,-0.33128793436430143,-0.3197557998618208,-0.3124825957643596,-0.30399320319437345,-0.2967454959786466,-0.35247156256440765,-0.2749594403685801,-0.12097236758556087,0.14005751349802728,0.16648165629869927,0.3054778808573637,-0.24821636337470734,-0.10173602490126217,0.08983874682908936,0.23201072184888946,0.36233139515755614,-0.2417034229123197,-0.17456025278168102,0.10150676923237423,0.25455616125422165,0.3218135852715431,-0.21517430969268625,0.07083953546524159,0.11068153009787349,-0.06945677067959556,-0.09892138634296181,0.12345544534595201
0.7018251616910699,0.7462324096591393,0.7849733405438509,0.8455780235653592,0.914250346678959,1.0,0.9033424600833361,0.7567999423460087,0.6483526861706801,0.5807851304324091,0.5350119202902174,0.5050464883656811,0.47959603824374186,0.4423857574392915,0.39798114050659,0.36727819457883454,0.31596953791631543,0.24491410777932474,0.22256882102692843,0.24451780407973556,0.2513262388103307,0.29672289995738976,0.31779822026805205,0.3423555715858659,0.5254345238573775,0.7242489940383711,-0.12823141764411625,-0.1179221473371142,-0.11216713518924708,-0.11010649127791106,-0.11275542583326922,-0.1198424068241712,-0.14328591500597548,-0.19570682624388755,-0.265326868590836,-0.319671473896821,-0.3552423303763097,-0.3686020600893199,-0.37703783175354216,-0.37766852131479917,-0.3789087168338641,-0.38192522193571476,-0.38129345039062323,-0.36992153111466014,-0.3548719390375307,-0.34223489376104044,-0.32936400035027386,-0.320776491004807,-0.31023932833960133,-0.3020933286846909,-0.364125677479191,-0.2851706772587048,-0.12530949973765765,0.12847698389413326,0.15256528555487503,0.2956304253855965,-0.25719375964935126,-0.10839046559748795,0.08075744075444999,0.23163468123296072,0.3478536503668228,-0.2512897969336125,-0.1833554446092117,0.09451786250745829,0.2470700835678,0.3140109428212506,-0.22532009244362355,0.05831683891196259,0.10066497178191025,-0.07250832220416577,-0.09345203535701865,0.11658090243103286
0.6638286974410924,0.7088132870442427,0.7458250043229482,0.7884959507015867,0.8353143043153662,0.9033424600833361,1.0,0.8526825309850689,0.7059748957463409,0.6161198507281465,0.5645348764987952,0.5222164020016282,0.4842081170537496,0.4450637866382518,0.40404616190313236,0.3743296505792782,0.3317349665524451,0.269549762233473,0.2529482211621063,0.26029228595220144,0.26501028419809436,0.30402311997284653,0.3268115321913476,0.3483292415719006,0.5327104981640495,0.7315021906814786,-0.08511670410202525,-0.0765682506823045,-0.07090480134850062,-0.06887494207284064,-0.07076745063794118,-0.07601813933400325,-0.09463505540280769,-0.1465578908480086,-0.21750061987583746,-0.27364089813024445,-0.3127030257303059,-0.3266580675559842,-0.3371261638696549,-0.3395152448902676,-0.34148241523334966,-0.3439641136417796,-0.3424478394780479,-0.3302243850347026,-0.31274556040018386,-0.3000563643470907,-0.28768375187466366,-0.2804002629677808,-0.27051546147819366,-0.26293114731018596,-0.32159261972798103,-0.24169787921745814,-0.09100235883614768,0.13739791048050196,0.137562191099753,0.29320101780514374,-0.23778039755027905,-0.07550073594038392,0.07977525453003122,0.20086802206703516,0.3335083928523592,-0.2175835924429498,-0.14054848831871622,0.08507535422380291,0.21238402363650455,0.30707794603555166,-0.18651873751332124,0.07448024077771999,0.11142062532000122,-0.08762233837972935,-0.09340060589447009,0.10898013889299757
0.5957274972965089,0.6407430367849488,0.6732178138160584,0.7073791336266042,0.73457057277562,0.7567999423460087,0.8526825309850689,1.0,0.8509656566012319,0.6865659774610623,0.5872343857352917,0.5215411335930762,0.467163420802736,0.41847792590133687,0.3773865623502146,0.3546894783840714,0.32546048557472024,0.2997142134872162,0.301373863304429,0.2888569998759656,0.2835946535119962,0.30554267201300467,0.31567892316710283,0.32869914062332345,0.522036063993762,0.7130187707681857,0.04861037791601309,0.05440789516509133,0.058350693098263275,0.059528636296944826,0.05700178572928019,0.05170761617154681,0.04215490231173386,0.008574522678564615,-0.05653299612682794,-0.11136918457411242,-0.15006827835851447,-0.16588448554626728,-0.1775502478146912,-0.18035498911818162,-0.1819831105297471,-0.18311760284653755,-0.17867479912919573,-0.16428716229412113,-0.14853796582883103,-0.1396958699865925,-0.13108618994200613,-0.12798960561714698,-0.12252608977365077,-0.11881186180052693,-0.1591444792559658,-0.08558391644080512,0.03144007743610095,0.12893286884153288,0.08325014334193397,0.2645815403119913,-0.18338520196153166,0.028634042207904418,0.09192023756464515,0.10320968098707557,0.26599587904790284,-0.11750934084358496,-0.026268956486051497,0.07424885627540499,0.1077279934931751,0.23141220691160247,-0.07391234556838033,0.12477338576672582,0.14081062187401472,-0.14204962226868081,-0.09851375720167514,0.07346623143002692
0.5410127324790468,0.5750873525855472,0.6064490206733157,0.6248092545842986,0.6279987743154715,0.6483526861706801,0.7059748957463409,0.8509656566012319,1.0,0.8328282386861998,0.6901144792359578,0.5854973987962745,0.52233188297535,0.45909831629171405,0.41463421199003025,0.38592655409066146,0.3637769919671742,0.34018463721938236,0.32761527948552227,0.3184320870202538,0.2996624995828761,0.31389483627942516,0.3144216621058425,0.3214117801150202,0.5523323642058177,0.7169047726703828,0.04025464713327801,0.04359106683502901,0.045442283037043285,0.04620280401363644,0.043214416725072466,0.03750547768392725,0.03113065029071275,0.013744157845299197,-0.03148119491885437,-0.07606732399551361,-0.1107140618019343,-0.12511583285137678,-0.13582493484130131,-0.13869612416251598,-0.14041614708925293,-0.14181131941054523,-0.1391089194105635,-0.12806932217595005,-0.11803564198509474,-0.11474441144232074,-0.1093706308448791,-0.10856569937973405,-0.10717884591304326,-0.10447817934116788,-0.1255944287608813,-0.06657591198917871,0.0215676117015446,0.044588770607509834,0.10271757365396449,0.20785024288006615,-0.1683890332003559,0.01831884331809028,0.03873986362863135,0.11210388416908446,0.19323006058334385,-0.11390086058278048,-0.046307388230376334,0.03452520972557266,0.1012699638735076,0.16088586927633286,-0.08032450364237721,0.06434814033383862,0.0828225183685878,-0.12391292612044591,-0.0603110261918295,0.01974233636262638
0.4952726053899589,0.5216388438199017,0.5558623661715052,0.5686331303163172,0.5640218590065724,0.5807851304324091,0.6161198507281465,0.6865659774610623,0.8328282386861998,1.0,0.8645851947849948,0.7355807938240075,0.6567979248659688,0.593671012653997,0.5361133026338439,0.4999149584256795,0.45910308745307116,0.401572943997333,0.36385553538263815,0.35649878902587717,0.34226363381978503,0.3633671369214426,0.3577270361445684,0.3647458316216623,0.6411105526399302,0.7611775849247422,-0.07860247532524327,-0.07388843329535937,-0.0719555984903459,-0.06974750785880274,-0.06996877178099428,-0.07283614631512385,-0.08014106713739504,-0.0971578875483868,-0.12619388279277766,-0.15951224459235858,-0.1878840656750821,-0.20266093887399775,-0.2108749282752324,-0.2133510241755426,-0.21886592235778804,-0.2239271587755965,-0.2254601413231563,-0.2221391353299779,-0.21785780190992748,-0.21310104663932866,-0.20674205160637918,-0.2045282397244809,-0.20156851118293675,-0.19567126170899957,-0.2125038154278421,-0.16653840057958288,-0.10268823447202909,-0.03218624967997522,0.16437566883236654,0.19475240083346712,-0.1964733604184779,-0.0752669904061694,-0.05143964689044185,0.19536754427429817,0.17536271023463795,-0.19547308162190655,-0.15162894717082073,-0.019407656817819887,0.19303697997871194,0.14987440068108415,-0.1778515177367854,-0.05753444571133368,-0.018024576974425166,-0.053239547047024036,-0.05038784590120612,-0.03692073513857849
0.46502939869102977,0.4837898743012241,0.5126611696480478,0.5255656015712644,0.5225941518323326,0.5350119202902174,0.5645348764987952,0.5872343857352917,0.6901144792359578,0.8645851947849948,1.0,0.8810144592837523,0.7892104916222958,0.7200712396949996,0.6522467403616161,0.6019742070427668,0.5460788518737079,0.45982860969225986,0.40150169625780663,0.3925901995281024,0.38532430969698056,0.4025009520836486,0.40684947768183966,0.40310767184600665,0.7236574449630109,0.7951258601872778,-0.14904325909178343,-0.14314571619730873,-0.1389441612208786,-0.13599234741912988,-0.1335559674924334,-0.13399679862189015,-0.14096629594599938,-0.15926150478482892,-0.18183511392505466,-0.19548256279136647,-0.21560667805826705,-0.2296537885537333,-0.24261785383329837,-0.2476120992253803,-0.25583201440892667,-0.2639895510221952,-0.27019683382420123,-0.27065590515737636,-0.2655532289859366,-0.2590798459903333,-0.25105383390353775,-0.2473433187623559,-0.24166585345510563,-0.2342247737410737,-0.25637656383321167,-0.2175157973445876,-0.17540439836317903,-0.07089550624981117,0.19037655780455626,0.22428258158041928,-0.2206715973463226,-0.13013013264848286,-0.10258463207725016,0.23478659120332623,0.20504075786334303,-0.25000421382467974,-0.21860159475269755,-0.039750895327699425,0.2463262599468027,0.1747145132261778,-0.2397194695778504,-0.12275727061717567,-0.06538507345712143,-0.022949877333397223,-0.08919652664195471,-0.015923534034254373
0.4389514032302679,0.45942175230870685,0.4888007909285131,0.5029819966353678,0.5003255037907437,0.5050464883656811,0.5222164020016282,0.5215411335930762,0.5854973987962745,0.7355807938240075,0.8810144592837523,1.0,0.8785862802746864,0.7958830134091524,0.7282430781800125,0.6605152684700341,0.5877274922239257,0.49689619809132796,0.4205100921875739,0.39894460973214907,0.40117332830278213,0.42206666615199,0.43631408483086387,0.43560943081616943,0.7528059170247496,0.7989191761913759,-0.1838947468946641,-0.17631639159995693,-0.1699107892470656,-0.1661628368081781,-0.1627956486008911,-0.1617840384449507,-0.1671789753252204,-0.18717413766175722,-0.20950645521254682,-0.22087847261939603,-0.2328947163408948,-0.24599437368302893,-0.2614618724109919,-0.269592899455042,-0.2792289622818559,-0.2886534911083888,-0.2959889185319475,-0.2959374261312051,-0.28938334041372743,-0.2807578720215959,-0.27060654058290273,-0.2647263926375692,-0.2585145262069151,-0.25034832539923413,-0.2810310428682642,-0.24259657409763372,-0.20538025515052377,-0.06552204373719703,0.17760456718357,0.2470925814558172,-0.23065116577605474,-0.15804625330930647,-0.1093980105613033,0.2369117531233269,0.22863174468261385,-0.2741282292330849,-0.24703387012659403,-0.03197999135212481,0.2593543346780959,0.19655284571942788,-0.2670982033047037,-0.13889496898048992,-0.07256584763028712,-0.011645487765151319,-0.11227343943021717,-0.006143866174338601
0.4132993233513731,0.4270565185440294,0.4632908859291986,0.47756234602035824,0.4797094245536134,0.47959603824374186,0.4842081170537496,0.467163420802736,0.52233188297535,0.6567979248659688,0.7892104916222958,0.8785862802746864,1.0,0.886574452552336,0.7922695865315178,0.7200124599698747,0.6382921317555138,0.5271053154131404,0.4361071400783999,0.407653851158022,0.41193540174627546,0.4307116293561087,0.44769331538664114,0.4414955530040872,0.7630650803358509,0.7968159356883869,-0.17821096516598822,-0.16966587510202694,-0.16356092113496046,-0.1594188118918509,-0.1557942719321972,-0.1538387670485085,-0.15787366107384088,-0.17702250314288565,-0.19934504594675237,-0.2112146992411867,-0.22337872634957934,-0.22969097619898005,-0.24785739241385085,-0.2643536709645783,-0.27731464915403686,-0.287621270345608,-0.29667397998591316,-0.2963638516120188,-0.28808393011730865,-0.2774800065637968,-0.26513635308333294,-0.25751037785898234,-0.24982658054293122,-0.2407284629614406,-0.27509339944660244,-0.23557003001570279,-0.20338760682370968,-0.05558923019020164,0.1667926799906982,0.25144175622435067,-0.21954672777049034,-0.15314295025532962,-0.10981409994451707,0.22466072514629543,0.2342627488233345,-0.2636596688641603,-0.23545719453647795,-0.02822375092813189,0.25470486301558115,0.19442488761899784,-0.2567583604664343,-0.13381795804027988,-0.06475742847893019,-0.007299333264088269,-0.1028309684053758,-0.016523772831952926
0.38388633806720757,0.3923980197122221,0.427935207046671,0.44056641758901066,0.4375410307558488,0.4423857574392915,0.4450637866382518,0.41847792590133687,0.45909831629171405,0.593671012653997,0.7200712396949996,0.7958830134091524,0.886574452552336,1.0,0.8830276093961419,0.8007338745293786,0.7087566423062522,0.5815830291476332,0.473437901811199,0.436884758015249,0.4383039581980235,0.4434060221937394,0.4460531780362247,0.44241592203969204,0.7783676899255599,0.7872254854674591,-0.1564854311898284,-0.14654047214164587,-0.14110532193528805,-0.13755939429034744,-0.13377208093056994,-0.13273788957004332,-0.13666502372603306,-0.1536261673315163,-0.17291291692198163,-0.18488494461212251,-0.19749117234009886,-0.20394190620972263,-0.21283012076083455,-0.22775834330483416,-0.24701300211426494,-0.26249662792145934,-0.2747385671810678,-0.2739163728507338,-0.26451449346269945,-0.2526481087978759,-0.23865602174911252,-0.22992235741620046,-0.22078064726131835,-0.21169976650335579,-0.24914647691765474,-0.20894130261884047,-0.18258200531008473,-0.0557261137934326,0.14698114849977134,0.2569306573381065,-0.2163311488554265,-0.13549445618950037,-0.10648086435820567,0.19657148176422723,0.2464435330311676,-0.2508908178095792,-0.2173502393331972,-0.02262846131449302,0.22877433500424074,0.2001245134406542,-0.24165741325521875,-0.1247805913492953,-0.057614111734443425,-0.023373455933916296,-0.11232651451790875,-0.011367954267561597
0.3426759012854609,0.34883511752292373,0.38616172804430854,0.3967646393670179,0.3896921791462112,0.39798114050659,0.40404616190313236,0.3773865623502146,0.41463421199003025,0.5361133026338439,0.6522467403616161,0.7282430781800125,0.7922695865315178,0.8830276093961419,1.0,0.8856559997740968,0.7765686194492853,0.6359508357371617,0.5208407804585731,0.4637919530763603,0.4540423047632103,0.44862438093152385,0.4443853988406241,0.43474149789363575,0.7739791454223061,0.7656713597526987,-0.1229953094946112,-0.11416644161123968,-0.109380007733998,-0.10359573313618621,-0.09904670484934806,-0.09790728148840763,-0.09987264908606644,-0.11414571211889803,-0.12844920582818647,-0.13677550857031137,-0.14782462882956995,-0.15071771772701678,-0.15655906818369247,-0.16333940368554442,-0.18846849216279324,-0.20951077891331746,-0.22235384053431026,-0.22301180319150332,-0.21432899002385314,-0.20228747064007851,-0.18889623519365822,-0.18031944852895185,-0.172117620863329,-0.16356740151685176,-0.19673778456968802,-0.16102491825540946,-0.15028672555385458,-0.055478117805216026,0.11455311338492052,0.25711406892283273,-0.18954684157584312,-0.10669001009090995,-0.11984591270361386,0.15731923544294915,0.2263970151553621,-0.21515259585813856,-0.19471326815724005,-0.03800049469007188,0.18600932884177387,0.1668172918741769,-0.20722814205485388,-0.11905738807563004,-0.042997701364983265,-0.029171841510933633,-0.11653107236559225,-0.04199736981097114
0.32948597260189,0.3362633850669689,0.35947694313891376,0.36195519980818186,0.35700984083726783,0.36727819457883454,0.3743296505792782,0.3546894783840714,0.38592655409066146,0.4999149584256795,0.6019742070427668,0.6605152684700341,0.7200124599698747,0.8007338745293786,0.8856559997740968,1.0,0.8679126111380558,0.7173419909242815,0.5821421325642675,0.5056094442204315,0.4864646210655368,0.4737124552175294,0.4644860877483485,0.4455246343326255,0.7705137448232411,0.7524162065042335,-0.08223546829293528,-0.07316414471503646,-0.0692799883511511,-0.06526129969490962,-0.06232286974043622,-0.06078845819260002,-0.062192223193283366,-0.07278766045634036,-0.08451316891295431,-0.09209098516834686,-0.10136085526441574,-0.10227273797040835,-0.10711647348204872,-0.1147378742340704,-0.13021947209047394,-0.15794799129930479,-0.18228147946506595,-0.185046554082353,-0.1764914859902822,-0.16307366839873497,-0.1502467914201472,-0.1423184816640673,-0.13291079658094665,-0.1239129621474844,-0.1452363125832615,-0.1170403728649894,-0.10777314829250909,-0.05549982227343905,0.09235877847973328,0.2600208880198182,-0.18457041030103763,-0.07170484586304705,-0.11933566240814555,0.12088105719434984,0.21534482674096292,-0.19159795505286648,-0.16849333125549915,-0.04046830829819299,0.14702978983849724,0.15414934142713638,-0.1790372339864384,-0.10349774307495653,-0.022715179029090836,-0.057387011104110104,-0.12180500272785555,-0.05122102862707162
0.30489911423766586,0.31046839617454425,0.3275356576654266,0.32283635241619996,0.3130626776573485,0.31596953791631543,0.3317349665524451,0.32546048557472024,0.3637769919671742,0.45910308745307116,0.5460788518737079,0.5877274922239257,0.6382921317555138,0.7087566423062522,0.7765686194492853,0.8679126111380558,1.0,0.8412932897180513,0.6796210537586522,0.5806450803851055,0.5408755401705867,0.5111963487191683,0.48504106505943867,0.4560992952293222,0.73352716163533,0.7295457911091054,-0.04961816164416821,-0.04356432591473144,-0.040689281638581314,-0.036566211838109514,-0.03417876028113439,-0.03239003967518627,-0.031185887874633233,-0.03450320826223411,-0.04346574741389992,-0.05024501584070893,-0.05855382441425705,-0.05943432927209684,-0.05963721855194196,-0.06435610985980522,-0.07297199598121477,-0.08812876002336842,-0.11376603841921881,-0.12376470032875436,-0.11793481167241329,-0.10718403316702917,-0.09633808302110139,-0.0887554103553871,-0.08093292646585719,-0.07346754397576297,-0.09025559738103345,-0.06975193110306051,-0.0714457573798762,-0.06286787320023093,0.056332903640883454,0.2547327259697595,-0.16669081734772875,-0.04339585308224937,-0.11928435351682086,0.08191511065321253,0.19197275329585953,-0.1607044596874938,-0.15251979131077897,-0.053409747691222545,0.10662675855342847,0.12790272904723415,-0.1498517656862298,-0.09069373916721797,-0.005190145334108511,-0.06859382229952056,-0.11820673372157538,-0.05312016744588031
0.2544467365447326,0.25671258025057553,0.2645939252212572,0.25693435299874257,0.2399600768821683,0.24491410777932474,0.269549762233473,0.2997142134872162,0.34018463721938236,0.401572943997333,0.45982860969225986,0.49689619809132796,0.5271053154131404,0.5815830291476332,0.6359508357371617,0.7173419909242815,0.8412932897180513,1.0,0.8478818065770448,0.7140330217739436,0.657969229720394,0.6053412945060097,0.5560401195955487,0.5134958180258046,0.6635093755169216,0.6883981117486053,0.05695023062625459,0.06195467786262307,0.06392275643393373,0.06805523582261946,0.07071863831208693,0.07344563207700085,0.07965802175603416,0.08277900002284909,0.07186849714555628,0.059126159611401705,0.04756688722213005,0.04342374767812812,0.04327526871854363,0.039041971170684774,0.033246952850603834,0.02479209198825746,0.009206429390916896,-0.0008909619115482276,0.007261826648097403,0.01901939492264853,0.029278012588472305,0.03738480454581179,0.04413097680955623,0.0502556118673641,0.019795685763018208,0.04811869117449866,0.02415970222752389,-0.017245736660434826,0.021329037095427286,0.2778252088757633,-0.11853574478784569,0.03099019537585129,-0.07840012864334943,0.02739236121967343,0.18146715668241475,-0.07601866427764296,-0.08783443088471335,-0.0294905965229252,0.038442707307493926,0.08482180077886385,-0.06397407887210313,-0.014285658364848472,0.07166962232038995,-0.10658693469508719,-0.11397997812293766,-0.022563053338000884
0.24203819970009238,0.2373991309431674,0.23901978092575982,0.2376097255425135,0.21900075381714004,0.22256882102692843,0.2529482211621063,0.301373863304429,0.32761527948552227,0.36385553538263815,0.40150169625780663,0.4205100921875739,0.4361071400783999,0.473437901811199,0.5208407804585731,0.5821421325642675,0.6796210537586522,0.8478818065770448,1.0,0.8549023289200244,0.7606961460707248,0.6900581828152573,0.6260688159559238,0.5781878793987076,0.5895378969654803,0.6559971935507183,0.11652902189367412,0.12181636771859458,0.12663938293455998,0.13186364065889644,0.13655642584875832,0.1405877835797092,0.1497538447773885,0.14895762407532526,0.1334378816225583,0.11496064405826013,0.09998450853236854,0.09269036135422705,0.0856314996314469,0.07716996029662543,0.06567059674604066,0.05527354244267861,0.04144703900065549,0.03995888884084339,0.04968161749759301,0.07035554216297027,0.08817477680450095,0.10138161280048354,0.11330124503472275,0.12455484891743514,0.06487425891356703,0.10462718860056223,0.07762279261859736,0.010581429399489313,-0.013459246557370706,0.31161324979473204,-0.054319691501779864,0.0960557716968231,-0.05935694302050408,-0.029444171268462764,0.18447237379915796,0.004155774097618242,-0.031097343485343855,-0.009621981934718218,-0.01476065719874254,0.05666819808298901,0.012994974258907142,0.018006125352611736,0.09568407391002212,-0.09006451859136462,-0.13690343859623677,0.005039239481888446
0.2620782240145392,0.25119325811854903,0.2547298056522746,0.25732503301073006,0.23633886650669295,0.24451780407973556,0.26029228595220144,0.2888569998759656,0.3184320870202538,0.35649878902587717,0.3925901995281024,0.39894460973214907,0.407653851158022,0.436884758015249,0.4637919530763603,0.5056094442204315,0.5806450803851055,0.7140330217739436,0.8549023289200244,1.0,0.8878948884791067,0.7926064414579531,0.7256145009578066,0.6708295403439467,0.541799515819462,0.6568753494624917,0.0938843387461744,0.10155583837351166,0.10865009052693322,0.11588181835369686,0.12232651341533457,0.12713469514977985,0.134819973172561,0.12857515129212746,0.10727304988321314,0.08511032360329576,0.06910046736619667,0.05990929903200679,0.051767379723387796,0.04222560941819379,0.030214008334980277,0.015986651786558153,0.0011612295412997884,-0.00046072610231512795,0.015123751080601926,0.036882265125845914,0.0563598887104406,0.07192416883984534,0.08483367087324292,0.09786686739944508,0.031677911422413364,0.07582340872396927,0.06896065940811928,0.0043771877623908885,0.025784787691724226,0.343158604520495,-0.052874949894467574,0.09318850516969732,-0.05802734287253576,-0.0006187019717427027,0.21253976110344053,0.002414499415057782,-0.03422582049222252,0.0007050977509948156,0.02319873273112394,0.06215733865194119,0.009532649422023861,0.014665894941065969,0.08353059497728728,-0.07352223091086595,-0.16570780457208914,0.03380070864005837
0.27675591079695677,0.2610445600441408,0.26321068748725185,0.2668472398648592,0.24634992988785764,0.2513262388103307,0.26501028419809436,0.2835946535119962,0.2996624995828761,0.34226363381978503,0.38532430969698056,0.40117332830278213,0.41193540174627546,0.4383039581980235,0.4540423047632103,0.4864646210655368,0.5408755401705867,0.657969229720394,0.7606961460707248,0.8878948884791067,1.0,0.8845310920246836,0.7942283072361742,0.735564379075627,0.5350917210942948,0.6583566957823991,0.07074499171266145,0.08068687238954346,0.08878271578304231,0.09617779234529232,0.1026974465025323,0.10651055311122526,0.11124104962090431,0.09934279634230389,0.0729671867165813,0.047791762415019035,0.031386967133958193,0.021256116184836242,0.012272623642245607,-0.0004255233561318269,-0.012798610674218287,-0.024688032412108877,-0.03939316009601779,-0.04016149893283967,-0.021774487641384597,0.004495570084212652,0.026063831054094745,0.042969546490417114,0.05636468611057248,0.0686405719825776,-0.009137043935763553,0.04271565508893971,0.04795994117900681,0.006027537861943734,0.050706625552734724,0.3502941735759269,-0.05404342060141297,0.06840344249825259,-0.0456224043412207,0.029823885610159577,0.22398174361718678,-0.010665532499259783,-0.05331022109498844,0.0072912702447511316,0.053013450203136525,0.08622505403687733,-0.009189593975907105,0.015658644147591452,0.08128088053681624,-0.05919251950060808,-0.15889123124292406,0.032557258193165024
0.3227617952815833,0.3110681387819778,0.3166505218638638,0.31419560684319797,0.2913412299287158,0.29672289995738976,0.30402311997284653,0.30554267201300467,0.31389483627942516,0.3633671369214426,0.4025009520836486,0.42206666615199,0.4307116293561087,0.4434060221937394,0.44862438093152385,0.4737124552175294,0.5111963487191683,0.6053412945060097,0.6900581828152573,0.7926064414579531,0.8845310920246836,1.0,0.902083617492552,0.8301017277223112,0.5422146191009518,0.6800908833474982,0.059690931486246164,0.07071218654905492,0.078890540398104,0.08669682277504052,0.09192890974438796,0.09599576610860912,0.0974816700769567,0.07996240792377882,0.05011436997404908,0.02136015760663533,0.004016139620683112,-0.007135472429576646,-0.017603539100752113,-0.030184008900960378,-0.041807529642948725,-0.0566777617106121,-0.07205382661893535,-0.07111286562857583,-0.0502025957418978,-0.022131040748197644,0.0017132072019481403,0.018984542313752024,0.029647861827246075,0.04043842654617516,-0.03567671832557034,0.019519911734472744,0.03325151713001833,0.03465454339691223,0.0676359915280799,0.3564319106420591,-0.07109934301555744,0.054264747090277475,-0.02045271958323259,0.04892619627174168,0.2430569139542194,-0.030773868031016782,-0.06145806096808814,0.03121103706888417,0.07295372534477668,0.11190425025366708,-0.025221495556306893,0.033389872872963015,0.09229479855427321,-0.06098743981266916,-0.1750613637428751,0.04821904183046643
0.33190779473733506,0.32192769302416024,0.3306518521161088,0.33124945329336336,0.30962379584831484,0.31779822026805205,0.3268115321913476,0.31567892316710283,0.3144216621058425,0.3577270361445684,0.40684947768183966,0.43631408483086387,0.44769331538664114,0.4460531780362247,0.4443853988406241,0.4644860877483485,0.48504106505943867,0.5560401195955487,0.6260688159559238,0.7256145009578066,0.7942283072361742,0.902083617492552,1.0,0.9122454691009458,0.5358795077979717,0.6764673129888534,0.026063665780375642,0.03819564406549164,0.047668763003264086,0.056953938283079014,0.06330997755160432,0.06903252344215073,0.06927544644320727,0.04790365809898207,0.01411188354402965,-0.014511948019703604,-0.03206678678819486,-0.04382323356097694,-0.05389600518679864,-0.06595702870353301,-0.07756900479380356,-0.09501063478174868,-0.11078354826756692,-0.10914585841235055,-0.08642097511851236,-0.0572272747305587,-0.031024902884288698,-0.013008823416712788,0.002281922337459363,0.014693289572822184,-0.07274853845628065,-0.014691897745160575,0.005662748519720936,0.04102758774972455,0.07730969499746292,0.353524908040799,-0.08768419965650041,0.03877100625197007,-0.01734821581357889,0.07627139768625946,0.2516016203060675,-0.055477743352755696,-0.07950277219553878,0.036728927327867845,0.10839793293867546,0.1250713064912473,-0.049225854003073645,0.023228761669835295,0.08270208558694242,-0.05208405175937047,-0.17571302789386328,0.08626145287859119
0.3438763012142683,0.33625978730362904,0.3461799063596731,0.34567545633772767,0.33000870906888957,0.3423555715858659,0.3483292415719006,0.32869914062332345,0.3214117801150202,0.3647458316216623,0.40310767184600665,0.43560943081616943,0.4414955530040872,0.44241592203969204,0.43474149789363575,0.4455246343326255,0.4560992952293222,0.5134958180258046,0.5781878793987076,0.6708295403439467,0.735564379075627,0.8301017277223112,0.9122454691009458,1.0,0.5250762327461929,0.66620437295542,0.01317896569969382,0.02533091079190214,0.03541929767754847,0.045874354605614544,0.05305880843390387,0.05810362465515362,0.05605079241589633,0.03170478449114237,-0.00350917621683502,-0.03350841670912636,-0.05033822887014844,-0.062458605604469385,-0.07341055328415004,-0.08484981385523709,-0.09481515324256254,-0.11037129151988317,-0.12523588948507067,-0.12488414702921363,-0.10318559004833255,-0.07563554887900673,-0.05021554833081838,-0.032493524207097814,-0.014401080905786437,0.003763923652341084,-0.08930363356876016,-0.030796933224114177,0.0007468244126742515,0.043910197346437134,0.09916544262157721,0.3625451344139371,-0.0907305407028051,0.03614152255367415,-0.034303905942510066,0.10071777284920015,0.26374538624553795,-0.06018882519059192,-0.0821075186920483,0.02357036538396733,0.13617869585960948,0.13890985042665213,-0.05267227173445732,0.010307708622388414,0.0786857449195642,-0.047028401603470306,-0.16854504779467788,0.09595624153312078
0.5053150121255203,0.5156276009637237,0.5334287403432403,0.5311428502084732,0.5226673314543528,0.5254345238573775,0.5327104981640495,0.522036063993762,0.5523323642058177,0.6411105526399302,0.7236574449630109,0.7528059170247496,0.7630650803358509,0.7783676899255599,0.7739791454223061,0.7705137448232411,0.73352716163533,0.6635093755169216,0.5895378969654803,0.541799515819462,0.5350917210942948,0.5422146191009518,0.5358795077979717,0.5250762327461929,1.0,0.8468729188207729,-0.0634655451025794,-0.05501642074870886,-0.05143668865340395,-0.04757876090991169,-0.04591466840064187,-0.04609659411536777,-0.05174678244990534,-0.07195479815068075,-0.10200002008899846,-0.12668011635732115,-0.1480838862598255,-0.1606034859797161,-0.17611638982781072,-0.18761426048664817,-0.20314719305109685,-0.22031520643396144,-0.2339731769964231,-0.2339096258602539,-0.22400149079888965,-0.21177108931222802,-0.1998007611959882,-0.19323957266983635,-0.18705869613755738,-0.1804101510332668,-0.18177533306253235,-0.1483947639449917,-0.10442214522922924,0.010394448179648153,0.16463349018916643,0.3342361142819235,-0.25587089776048155,-0.09788540240669498,-0.042912111861028834,0.18831147125917805,0.3060737873292827,-0.24786141854152408,-0.20758014603645816,0.018490925615021463,0.2014263510226094,0.24363398289953148,-0.2302605500749026,-0.02677594938445338,0.052122211077314545,-0.11834781608724747,-0.17885805388843828,0.08946723051176847
0.6804580486984352,0.7021117725815113,0.7289525484696618,0.7368182763872559,0.7252595514091983,0.7242489940383711,0.7315021906814786,0.7130187707681857,0.7169047726703828,0.7611775849247422,0.7951258601872778,0.7989191761913759,0.7968159356883869,0.7872254854674591,0.7656713597526987,0.7524162065042335,0.7295457911091054,0.6883981117486053,0.6559971935507183,0.6568753494624917,0.6583566957823991,0.6800908833474982,0.6764673129888534,0.66620437295542,0.8468729188207729,1.0,-0.0642923134909555,-0.05311321922577722,-0.04639528216617322,-0.04135146971852829,-0.04007529348103447,-0.041726473996927124,-0.05057056826504245,-0.08463436577450423,-0.1342890794752774,-0.1753334783108891,-0.20621971684262794,-0.21994188938192613,-0.23205160686736023,-0.23949461217584636,-0.2507242677828737,-0.2629708178671144,-0.2743848939606624,-0.27053766932096174,-0.2544553929303253,-0.23578396996003168,-0.21732091628893316,-0.20562634418640283,-0.1948233044361188,-0.1833734410248106,-0.2454169487831218,-0.17296488764151194,-0.0937726697889471,0.03741514803249427,0.16764545907557965,0.40144386193558235,-0.2441235479808181,-0.05879481107121362,-0.032325214497181995,0.20554783726451645,0.3582686835743242,-0.22431078977373886,-0.18781185498963715,0.03224104503877107,0.2260219198001135,0.2659548987972973,-0.20135428859932566,-0.010731039667080678,0.06884780202011609,-0.09323220096099138,-0.16057753125907293,0.04573765584495244
-0.006805133710201071,-0.03290263120949975,-0.06536786968902003,-0.0933688152839729,-0.11851929430693764,-0.12823141764411625,-0.08511670410202525,0.04861037791601309,0.04025464713327801,-0.07860247532524327,-0.14904325909178343,-0.1838947468946641,-0.17821096516598822,-0.1564854311898284,-0.1229953094946112,-0.08223546829293528,-0.04961816164416821,0.05695023062625459,0.11652902189367412,0.0938843387461744,0.07074499171266145,0.059690931486246164,0.026063665780375642,0.01317896569969382,-0.0634655451025794,-0.0642923134909555,1.0,0.9955595326428442,0.9907184090588823,0.9862003267201284,0.9800820072268307,0.9743825892266541,0.9702261129842585,0.9636525285632518,0.9462463571020915,0.9188832083000676,0.8935876857572186,0.8759941093180563,0.8591004763801292,0.8442024118503726,0.8334731962397532,0.8247546027763971,0.8245278231936131,0.8362286853563066,0.8562044243858934,0.8683696099478261,0.8720785827717014,0.8724224880626509,0.866386522260526,0.8613757172053197,0.881701486836653,0.9414859328985318,0.8320872099748552,0.3935750700625303,-0.3125134926401566,0.3664905902115938,0.22657068507155925,0.7426438074206099,0.24807950662870654,-0.5388329197235098,0.17290309631335432,0.5922503339057389,0.7059031719315483,0.1571710343997565,-0.5777200590028938,-0.02179011262290453,0.7124778736705737,0.582627016290601,0.5662816768729161,-0.5256940455839579,-0.22065374778364924,0.08015857522412216
-0.0004436302116876313,-0.025163561153462417,-0.05517514128937386,-0.08323593658012139,-0.10875099323318241,-0.1179221473371142,-0.0765682506823045,0.05440789516509133,0.04359106683502901,-0.07388843329535937,-0.14314571619730873,-0.17631639159995693,-0.16966587510202694,-0.14654047214164587,-0.11416644161123968,-0.07316414471503646,-0.04356432591473144,0.06195467786262307,0.12181636771859458,0.10155583837351166,0.08068687238954346,0.07071218654905492,0.03819564406549164,0.02533091079190214,-0.05501642074870886,-0.05311321922577722,0.9955595326428442,1.0,0.9970240863769716,0.9928976173301706,0.9875413275844752,0.982361648195734,0.9769693980387982,0.9684494523085585,0.9484594489306074,0.9188780767124077,0.8926060620197306,0.8739808154422435,0.856383597775669,0.8398032066245485,0.8281551986065824,0.8191071607252111,0.8189015997161723,0.8309064438156366,0.8520786723462035,0.8657560099019029,0.8716579688446793,0.871991953458295,0.8674501706075375,0.8624209636243468,0.8772185466536346,0.9418342001641886,0.8311410179997449,0.4025992065872112,-0.3116979034875164,0.38329670479893263,0.22365623029195272,0.7430685861080117,0.2560438090274996,-0.5368975607235051,0.1878134897119105,0.590526409245049,0.7072161545689541,0.16939016077032143,-0.5750816561092827,-0.01102225514753179,0.7119718694564715,0.5889775901321251,0.5704188920686811,-0.5265352275356305,-0.230868457023366,0.08512691515041731
-0.0030368546177663974,-0.02568679954399593,-0.052335201697919234,-0.07580882628896704,-0.10213989510463684,-0.11216713518924708,-0.07090480134850062,0.058350693098263275,0.045442283037043285,-0.0719555984903459,-0.1389441612208786,-0.1699107892470656,-0.16356092113496046,-0.14110532193528805,-0.109380007733998,-0.0692799883511511,-0.040689281638581314,0.06392275643393373,0.12663938293455998,0.10865009052693322,0.08878271578304231,0.078890540398104,0.047668763003264086,0.03541929767754847,-0.05143668865340395,-0.04639528216617322,0.9907184090588823,0.9970240863769716,1.0,0.9971164540035921,0.9923306885010401,0.9878629821543481,0.9824475142946923,0.9724232125203311,0.9505169980081813,0.9194585914629151,0.8924371791623843,0.8730639291128804,0.8548714393446606,0.8380341246504697,0.8257576594534793,0.8161285517932573,0.815742814777141,0.8280901204275277,0.8500189499374636,0.8648973811175676,0.8719457082970982,0.8730074823609907,0.8689394285123075,0.864396795749008,0.8736853757777107,0.9421138062129146,0.8283959096080671,0.40587727850106076,-0.3119197564778457,0.394425360543704,0.22563647872151207,0.7426370289619744,0.2584203422278623,-0.535735949659666,0.1976995316415494,0.5914020085660132,0.7053621612176929,0.17361478876101735,-0.5719320458475788,-0.0036589711059477185,0.7120806849630401,0.5904525417222525,0.571495131867898,-0.5216550138429225,-0.23687464765597735,0.08624261767202746
-0.005077419815775571,-0.029134066564933128,-0.053689455980531986,-0.07572405488488822,-0.10080335107874874,-0.11010649127791106,-0.06887494207284064,0.059528636296944826,0.04620280401363644,-0.06974750785880274,-0.13599234741912988,-0.1661628368081781,-0.1594188118918509,-0.13755939429034744,-0.10359573313618621,-0.06526129969490962,-0.036566211838109514,0.06805523582261946,0.13186364065889644,0.11588181835369686,0.09617779234529232,0.08669682277504052,0.056953938283079014,0.045874354605614544,-0.04757876090991169,-0.04135146971852829,0.9862003267201284,0.9928976173301706,0.9971164540035921,1.0,0.997253896570467,0.9934108611456431,0.9882518374181034,0.977261047969076,0.9540678239585834,0.9219404139140013,0.8943569586988847,0.8743875161218172,0.8555583646575304,0.8382029686709558,0.8251107605234113,0.8149156145517987,0.8144423817734833,0.8270721552012913,0.8502512904150566,0.8663251885445223,0.8735877678766001,0.8760829559320652,0.8723557695328773,0.8690645273654637,0.8726450709383259,0.9436861751750413,0.8273627732161069,0.40750489384767874,-0.3114152121236027,0.4037633843392637,0.2258034540714979,0.7440179507242916,0.25985129867536144,-0.5355366984650126,0.203248268385185,0.5917612415799689,0.7046351702394091,0.17816690739040833,-0.5712353294720082,-0.0005059939629321219,0.7124416935543317,0.5907383455692488,0.5717592702097786,-0.5196543498143171,-0.24313704153995638,0.08795903435304565
-0.011937289709897075,-0.037569422009957276,-0.06249104310337539,-0.08318267407903868,-0.10501194890614458,-0.11275542583326922,-0.07076745063794118,0.05700178572928019,0.043214416725072466,-0.06996877178099428,-0.1335559674924334,-0.1627956486008911,-0.1557942719321972,-0.13377208093056994,-0.09904670484934806,-0.06232286974043622,-0.03417876028113439,0.07071863831208693,0.13655642584875832,0.12232651341533457,0.1026974465025323,0.09192890974438796,0.06330997755160432,0.05305880843390387,-0.04591466840064187,-0.04007529348103447,0.9800820072268307,0.9875413275844752,0.9923306885010401,0.997253896570467,1.0,0.9980373202928354,0.993129679448505,0.9814501641206534,0.9574363758794017,0.925082026515246,0.8969960488336884,0.8762711597719115,0.8565035173970006,0.8386725994643772,0.8248876136758903,0.8141818981744686,0.8136915923879953,0.8265962645698888,0.850690101066758,0.8678180579801734,0.875821682630732,0.8793788876492427,0.8766782357536488,0.8738725488163946,0.8713658624253732,0.9446892450269103,0.8256435316704586,0.4054080285264808,-0.3139529419934131,0.4092240405079865,0.22690470276882138,0.7440083339066699,0.25910003676914733,-0.5377438580238076,0.2062436123114409,0.5922357946626046,0.7045437449453467,0.17986336052423305,-0.5716570497560383,0.00014184034823832626,0.712723537113731,0.5874062271455662,0.5675454350366529,-0.516022554646106,-0.24761219310303378,0.0909197708965272
-0.02131720353268129,-0.047767887691211805,-0.07294230620479336,-0.09353018317524568,-0.11440825732989232,-0.1198424068241712,-0.07601813933400325,0.05170761617154681,0.03750547768392725,-0.07283614631512385,-0.13399679862189015,-0.1617840384449507,-0.1538387670485085,-0.13273788957004332,-0.09790728148840763,-0.06078845819260002,-0.03239003967518627,0.07344563207700085,0.1405877835797092,0.12713469514977985,0.10651055311122526,0.09599576610860912,0.06903252344215073,0.05810362465515362,-0.04609659411536777,-0.041726473996927124,0.9743825892266541,0.982361648195734,0.9878629821543481,0.9934108611456431,0.9980373202928354,1.0,0.9965988248029698,0.9851002737844832,0.9611504550016735,0.9287763590590522,0.900479650129661,0.8791888318507535,0.8588182364703175,0.8405963553136911,0.8263109821176774,0.8152261346316383,0.8144530260611015,0.8276375319372529,0.8524022785003699,0.8704867383380983,0.8793818551598472,0.8835617516626652,0.8811685988709272,0.8787379070369525,0.8717232638342574,0.9461753416021523,0.823713822929087,0.4023890348227811,-0.31668609325042035,0.4139824035510168,0.2307465120400576,0.7436267333184855,0.2558288946469753,-0.5401814154949579,0.20783056331288086,0.5944919864641185,0.7040058325974404,0.18089807844211006,-0.5725688446848595,-0.0009802207465726867,0.7137961102990422,0.5825744046217907,0.5624400947312757,-0.5105620548257226,-0.25119595254615296,0.09217603404385209
-0.039541107209367383,-0.06676534193208915,-0.09260529777361494,-0.11413584387717247,-0.13697513386180316,-0.14328591500597548,-0.09463505540280769,0.04215490231173386,0.03113065029071275,-0.08014106713739504,-0.14096629594599938,-0.1671789753252204,-0.15787366107384088,-0.13666502372603306,-0.09987264908606644,-0.062192223193283366,-0.031185887874633233,0.07965802175603416,0.1497538447773885,0.134819973172561,0.11124104962090431,0.0974816700769567,0.06927544644320727,0.05605079241589633,-0.05174678244990534,-0.05057056826504245,0.9702261129842585,0.9769693980387982,0.9824475142946923,0.9882518374181034,0.993129679448505,0.9965988248029698,1.0,0.9924164272981282,0.970584747156905,0.9391095853456112,0.9112825562106092,0.8900008167136626,0.8692893201179521,0.8507903733350698,0.8364286752867122,0.8253094453071097,0.8248483274606111,0.8385095830165555,0.863862084553334,0.8820226640693914,0.8910192796136328,0.8951403443593905,0.8928156801390161,0.890580533778981,0.8798508919711342,0.9530688419007961,0.82375253111387,0.39420914182859373,-0.3224466062809886,0.40724073259387017,0.24123548743377343,0.7451596642672846,0.24994561523745498,-0.5474904342244539,0.19687326114583611,0.6027524288342434,0.7047638650371969,0.1751824514379742,-0.5797732301474774,-0.012358985101762586,0.7192246205668642,0.5764991102405249,0.5556303561270732,-0.5014569926420811,-0.24728853596938222,0.08546126517354555
-0.08238502194163105,-0.1108794961200151,-0.13941888802522742,-0.163589395341138,-0.18833018695877357,-0.19570682624388755,-0.1465578908480086,0.008574522678564615,0.013744157845299197,-0.0971578875483868,-0.15926150478482892,-0.18717413766175722,-0.17702250314288565,-0.1536261673315163,-0.11414571211889803,-0.07278766045634036,-0.03450320826223411,0.08277900002284909,0.14895762407532526,0.12857515129212746,0.09934279634230389,0.07996240792377882,0.04790365809898207,0.03170478449114237,-0.07195479815068075,-0.08463436577450423,0.9636525285632518,0.9684494523085585,0.9724232125203311,0.977261047969076,0.9814501641206534,0.9851002737844832,0.9924164272981282,1.0,0.9885928676016867,0.9628250205042665,0.9378147277044412,0.9176997589545698,0.8979474854410502,0.879594433635408,0.8656576941159607,0.8553868809576723,0.8550630923859995,0.8681499633070515,0.8916377687639939,0.9069097897601675,0.9137101022736056,0.9160425508892233,0.9120940422035699,0.9087111456484775,0.906268709668587,0.9683564749880532,0.8253070656230983,0.3619222162992803,-0.3415070902301253,0.36873609915361866,0.25769704956933315,0.7451751849488986,0.229606870330354,-0.5658738377481739,0.1534194364172115,0.6148153199242812,0.706897803447646,0.15161357699887307,-0.5993294366204538,-0.05198352530810049,0.7269966223797789,0.5544052592082416,0.5319887080746016,-0.4898096991338004,-0.2287822642654478,0.065322179733198
-0.14438488866813418,-0.17558415373423467,-0.20561992792102052,-0.23237706875041833,-0.2572878402780954,-0.265326868590836,-0.21750061987583746,-0.05653299612682794,-0.03148119491885437,-0.12619388279277766,-0.18183511392505466,-0.20950645521254682,-0.19934504594675237,-0.17291291692198163,-0.12844920582818647,-0.08451316891295431,-0.04346574741389992,0.07186849714555628,0.1334378816225583,0.10727304988321314,0.0729671867165813,0.05011436997404908,0.01411188354402965,-0.00350917621683502,-0.10200002008899846,-0.1342890794752774,0.9462463571020915,0.9484594489306074,0.9505169980081813,0.9540678239585834,0.9574363758794017,0.9611504550016735,0.970584747156905,0.9885928676016867,1.0,0.9882982467902913,0.9704806714183823,0.9534319928400355,0.9339120620097153,0.9163112690393792,0.9027738158066748,0.892452946609635,0.8907861314904907,0.9005570316409832,0.9190650577482485,0.9307471394965959,0.9353379128735497,0.9354925062112317,0.9296477446238328,0.9248809496624079,0.9376582114245094,0.980501708207867,0.8159118956017479,0.3051899683663659,-0.361189787357232,0.31229739443776144,0.2797423634618055,0.7413808315742042,0.18462802125438968,-0.5872241657035111,0.09467583811100334,0.626241988317918,0.7064502277201826,0.1079025260451758,-0.6212517618300945,-0.10819219263371341,0.733343688675005,0.5033140397867009,0.48004995664317446,-0.46624461065300526,-0.20073309382528914,0.039935163954227894
-0.19546532693995775,-0.22783802027789082,-0.25943056949754906,-0.28576922164095303,-0.3105800871281897,-0.319671473896821,-0.27364089813024445,-0.11136918457411242,-0.07606732399551361,-0.15951224459235858,-0.19548256279136647,-0.22087847261939603,-0.2112146992411867,-0.18488494461212251,-0.13677550857031137,-0.09209098516834686,-0.05024501584070893,0.059126159611401705,0.11496064405826013,0.08511032360329576,0.047791762415019035,0.02136015760663533,-0.014511948019703604,-0.03350841670912636,-0.12668011635732115,-0.1753334783108891,0.9188832083000676,0.9188780767124077,0.9194585914629151,0.9219404139140013,0.925082026515246,0.9287763590590522,0.9391095853456112,0.9628250205042665,0.9882982467902913,1.0,0.9913098789164628,0.9791336635824195,0.9610723332482325,0.9445060208399069,0.9312852371028633,0.9206956197547203,0.917639967512816,0.9232280742248457,0.9361554824841772,0.9445029210215615,0.9468840271187986,0.9450967866996923,0.9377668710752364,0.9318310269713498,0.9593183126745826,0.9821834272816933,0.798626904231548,0.2474672043224602,-0.3658519015255678,0.26545717832077015,0.2977738288047133,0.7338208222722449,0.1327696342123568,-0.5942983060149504,0.043051633426082404,0.6314892099992176,0.6977505591625708,0.06395063776971133,-0.6291667202874511,-0.15779184714758096,0.7325864428740558,0.4458548356014763,0.42574956054157337,-0.43770567086132667,-0.1812773345945254,0.011435250016089445
-0.23188308501017416,-0.2665140345638821,-0.29692481221111067,-0.32364886672495985,-0.3460384044440934,-0.3552423303763097,-0.3127030257303059,-0.15006827835851447,-0.1107140618019343,-0.1878840656750821,-0.21560667805826705,-0.2328947163408948,-0.22337872634957934,-0.19749117234009886,-0.14782462882956995,-0.10136085526441574,-0.05855382441425705,0.04756688722213005,0.09998450853236854,0.06910046736619667,0.031386967133958193,0.004016139620683112,-0.03206678678819486,-0.05033822887014844,-0.1480838862598255,-0.20621971684262794,0.8935876857572186,0.8926060620197306,0.8924371791623843,0.8943569586988847,0.8969960488336884,0.900479650129661,0.9112825562106092,0.9378147277044412,0.9704806714183823,0.9913098789164628,1.0,0.9927051240865865,0.9774669854381823,0.9620582658456273,0.9494766107956029,0.9385544137070055,0.9340378943947767,0.9362031288393323,0.944461753533672,0.94999763965674,0.9505090561013407,0.947181225859375,0.938413671322464,0.9316644133203725,0.9710063008897349,0.9777985528720116,0.782170846115146,0.20719997595839623,-0.3658803281762088,0.22878869788933281,0.3102626377348209,0.7224084944327878,0.09758895709237908,-0.5947822588851036,0.004313147205852498,0.6322371073701257,0.6858780603459226,0.035268836265018644,-0.6308980562392936,-0.19463803402290603,0.7276473287282109,0.40566527983222084,0.38824887981488543,-0.4134889226618568,-0.16744342928067213,-0.016169635826992636
-0.24605727990771448,-0.2813954464217015,-0.3122035592676122,-0.33921286630389513,-0.3589015308376479,-0.3686020600893199,-0.3266580675559842,-0.16588448554626728,-0.12511583285137678,-0.20266093887399775,-0.2296537885537333,-0.24599437368302893,-0.22969097619898005,-0.20394190620972263,-0.15071771772701678,-0.10227273797040835,-0.05943432927209684,0.04342374767812812,0.09269036135422705,0.05990929903200679,0.021256116184836242,-0.007135472429576646,-0.04382323356097694,-0.062458605604469385,-0.1606034859797161,-0.21994188938192613,0.8759941093180563,0.8739808154422435,0.8730639291128804,0.8743875161218172,0.8762711597719115,0.8791888318507535,0.8900008167136626,0.9176997589545698,0.9534319928400355,0.9791336635824195,0.9927051240865865,1.0,0.9905245881584862,0.9769381462595911,0.9655715801678031,0.9543916003322218,0.9485270781275001,0.9477581682531463,0.9518344181454277,0.9547755241870295,0.9530016299407433,0.9476092812238127,0.9374906755094008,0.9297439160604212,0.9785952580463031,0.9738550616409045,0.7715453847337338,0.18309604536546523,-0.35850787790809746,0.20167226121768608,0.31231420363063794,0.712790262536184,0.07436112500983441,-0.5892746751743088,-0.02246666653058344,0.6274446206597082,0.676511450343817,0.013392604488103284,-0.6260963415606106,-0.2165034493287202,0.720120603014044,0.3818595848028152,0.36830655686496394,-0.401265845545875,-0.15991519919745298,-0.0406039796079055
-0.2535028360659503,-0.2900093798885836,-0.3203843694815081,-0.3469473650987326,-0.3665517353918012,-0.37703783175354216,-0.3371261638696549,-0.1775502478146912,-0.13582493484130131,-0.2108749282752324,-0.24261785383329837,-0.2614618724109919,-0.24785739241385085,-0.21283012076083455,-0.15655906818369247,-0.10711647348204872,-0.05963721855194196,0.04327526871854363,0.0856314996314469,0.051767379723387796,0.012272623642245607,-0.017603539100752113,-0.05389600518679864,-0.07341055328415004,-0.17611638982781072,-0.23205160686736023,0.8591004763801292,0.856383597775669,0.8548714393446606,0.8555583646575304,0.8565035173970006,0.8588182364703175,0.8692893201179521,0.8979474854410502,0.9339120620097153,0.9610723332482325,0.9774669854381823,0.9905245881584862,1.0,0.991914670159298,0.9821294229904223,0.969329839473859,0.9619561572895247,0.9580785795454382,0.9578531690858645,0.9573470394284138,0.9529877781027816,0.9458598060972102,0.9344386723085231,0.9255531903718333,0.9810546237532666,0.9680139111645106,0.7627585068077044,0.1657703980930309,-0.35031480573293466,0.17567883190287814,0.31136287811674623,0.7055731060630565,0.058061603867074554,-0.5799767382837231,-0.04718143276460198,0.6221091879199705,0.6678920546287392,-0.005036154441783135,-0.6181455868429054,-0.23702064992164704,0.7124936011509433,0.36376846894702625,0.35352170022493623,-0.3922320279634465,-0.15456544212228904,-0.06351687211577416
-0.25305230397072626,-0.2875535807777156,-0.31776720871753883,-0.3447770368936681,-0.3670497200632246,-0.37766852131479917,-0.3395152448902676,-0.18035498911818162,-0.13869612416251598,-0.2133510241755426,-0.2476120992253803,-0.269592899455042,-0.2643536709645783,-0.22775834330483416,-0.16333940368554442,-0.1147378742340704,-0.06435610985980522,0.039041971170684774,0.07716996029662543,0.04222560941819379,-0.0004255233561318269,-0.030184008900960378,-0.06595702870353301,-0.08484981385523709,-0.18761426048664817,-0.23949461217584636,0.8442024118503726,0.8398032066245485,0.8380341246504697,0.8382029686709558,0.8386725994643772,0.8405963553136911,0.8507903733350698,0.879594433635408,0.9163112690393792,0.9445060208399069,0.9620582658456273,0.9769381462595911,0.991914670159298,1.0,0.992614923682333,0.9797020337731749,0.9705662880548643,0.9631584561232911,0.9592053925141146,0.9555081506487365,0.9486403226589968,0.9397484307175578,0.926861190987269,0.9163642912950287,0.9790943204597665,0.9592832487291391,0.7545630870570063,0.1501928146398307,-0.34034674478915583,0.15789886790915306,0.3035767080074095,0.6966735154773166,0.04816250502605483,-0.569159305800242,-0.06189147143696788,0.6113112916295992,0.658372349539255,-0.019169991707876317,-0.6093750986304071,-0.24848601795898914,0.7012052983832398,0.3505734661426345,0.341071937301204,-0.3889128031765988,-0.14713897142480997,-0.0795032227524786
-0.251449971249792,-0.28566158084316723,-0.3180663769755262,-0.34473073173039326,-0.3666666912083124,-0.3789087168338641,-0.34148241523334966,-0.1819831105297471,-0.14041614708925293,-0.21886592235778804,-0.25583201440892667,-0.2792289622818559,-0.27731464915403686,-0.24701300211426494,-0.18846849216279324,-0.13021947209047394,-0.07297199598121477,0.033246952850603834,0.06567059674604066,0.030214008334980277,-0.012798610674218287,-0.041807529642948725,-0.07756900479380356,-0.09481515324256254,-0.20314719305109685,-0.2507242677828737,0.8334731962397532,0.8281551986065824,0.8257576594534793,0.8251107605234113,0.8248876136758903,0.8263109821176774,0.8364286752867122,0.8656576941159607,0.9027738158066748,0.9312852371028633,0.9494766107956029,0.9655715801678031,0.9821294229904223,0.992614923682333,1.0,0.9906032332348258,0.981027648471315,0.9713406239054885,0.9631820477312505,0.9556483716345026,0.9461485073732225,0.9350856960838559,0.9206522266986539,0.9096004222021401,0.9772258761267925,0.9527324135775195,0.7505279679469418,0.14096204970188514,-0.33354617213187887,0.13956599317069585,0.29641227512648344,0.6920032921720523,0.042843601891632464,-0.5622971087760492,-0.07579068574475045,0.603488394493211,0.6543266346883252,-0.026973114252836904,-0.6050225744743724,-0.25654045987141766,0.6941855964835142,0.3425995440544985,0.33264607028579335,-0.3891035625722896,-0.13955734632440195,-0.08901866530039869
-0.24915604512977682,-0.28322668968706044,-0.31834532854177,-0.3444245108992387,-0.366420117758086,-0.38192522193571476,-0.3439641136417796,-0.18311760284653755,-0.14181131941054523,-0.2239271587755965,-0.2639895510221952,-0.2886534911083888,-0.287621270345608,-0.26249662792145934,-0.20951077891331746,-0.15794799129930479,-0.08812876002336842,0.02479209198825746,0.05527354244267861,0.015986651786558153,-0.024688032412108877,-0.0566777617106121,-0.09501063478174868,-0.11037129151988317,-0.22031520643396144,-0.2629708178671144,0.8247546027763971,0.8191071607252111,0.8161285517932573,0.8149156145517987,0.8141818981744686,0.8152261346316383,0.8253094453071097,0.8553868809576723,0.892452946609635,0.9206956197547203,0.9385544137070055,0.9543916003322218,0.969329839473859,0.9797020337731749,0.9906032332348258,1.0,0.9935865852730941,0.9823598241880254,0.9703983069208509,0.959086252314361,0.9467415131276093,0.9336178441121284,0.9179204063890198,0.9048959902780347,0.9727530873348912,0.9472127686272303,0.7436627817395705,0.13969145656679352,-0.3280854982095928,0.12604202065450648,0.2899148793701881,0.6845441844731917,0.041498826167885375,-0.5560657363591238,-0.08244739239513288,0.5947696890296137,0.6490534026578179,-0.03003028080666031,-0.600926929376474,-0.25752223700510185,0.6859788419862732,0.3395939872381301,0.3294210822817624,-0.388611024009237,-0.1346160453585126,-0.099266849624673
-0.24896923899155754,-0.28377315084228444,-0.3190585140036944,-0.34443968221555704,-0.36525142721831627,-0.38129345039062323,-0.3424478394780479,-0.17867479912919573,-0.1391089194105635,-0.2254601413231563,-0.27019683382420123,-0.2959889185319475,-0.29667397998591316,-0.2747385671810678,-0.22235384053431026,-0.18228147946506595,-0.11376603841921881,0.009206429390916896,0.04144703900065549,0.0011612295412997884,-0.03939316009601779,-0.07205382661893535,-0.11078354826756692,-0.12523588948507067,-0.2339731769964231,-0.2743848939606624,0.8245278231936131,0.8189015997161723,0.815742814777141,0.8144423817734833,0.8136915923879953,0.8144530260611015,0.8248483274606111,0.8550630923859995,0.8907861314904907,0.917639967512816,0.9340378943947767,0.9485270781275001,0.9619561572895247,0.9705662880548643,0.981027648471315,0.9935865852730941,1.0,0.9918218710224507,0.9788676234184083,0.9653791329273778,0.9512947672724522,0.9372314407990394,0.9205021179497559,0.9068174941112136,0.9695311211857737,0.9468433488618108,0.7430654621961663,0.1469327947363255,-0.3259077641725868,0.12036138152167665,0.28561525082686234,0.6815605393175801,0.049687896178384094,-0.5527690143670632,-0.08271855624513387,0.5909656839558838,0.6479277673783131,-0.022592280375103375,-0.6020628651540046,-0.25715476864371245,0.6829311992956014,0.3469615584729174,0.33523856858746215,-0.39251176962419576,-0.1304983935790831,-0.09824109282911772
-0.24125462239252715,-0.2756340783105067,-0.3108674252012111,-0.3341842387963675,-0.3536908382736096,-0.36992153111466014,-0.3302243850347026,-0.16428716229412113,-0.12806932217595005,-0.2221391353299779,-0.27065590515737636,-0.2959374261312051,-0.2963638516120188,-0.2739163728507338,-0.22301180319150332,-0.185046554082353,-0.12376470032875436,-0.0008909619115482276,0.03995888884084339,-0.00046072610231512795,-0.04016149893283967,-0.07111286562857583,-0.10914585841235055,-0.12488414702921363,-0.2339096258602539,-0.27053766932096174,0.8362286853563066,0.8309064438156366,0.8280901204275277,0.8270721552012913,0.8265962645698888,0.8276375319372529,0.8385095830165555,0.8681499633070515,0.9005570316409832,0.9232280742248457,0.9362031288393323,0.9477581682531463,0.9580785795454382,0.9631584561232911,0.9713406239054885,0.9823598241880254,0.9918218710224507,1.0,0.993110453895708,0.9803287781086425,0.9646569681848008,0.9509547104993856,0.934712964392487,0.9211949932085832,0.9676494118140307,0.9541012422481104,0.7506996387253141,0.16705672433361618,-0.3315917840934501,0.13078987903048422,0.28406287728152135,0.6847956358280353,0.0721033807854988,-0.55442675849135,-0.06993302144406921,0.5934143298309216,0.6532453568129448,-0.0014901540031514481,-0.607073093777257,-0.24607553848702032,0.6862433072323365,0.3702422247778577,0.3537736576217877,-0.4011467757535272,-0.1308127706568555,-0.08940540300401228
-0.2320609192886632,-0.26655226477358995,-0.3004717373171811,-0.32210712590043156,-0.3416833268904628,-0.3548719390375307,-0.31274556040018386,-0.14853796582883103,-0.11803564198509474,-0.21785780190992748,-0.2655532289859366,-0.28938334041372743,-0.28808393011730865,-0.26451449346269945,-0.21432899002385314,-0.1764914859902822,-0.11793481167241329,0.007261826648097403,0.04968161749759301,0.015123751080601926,-0.021774487641384597,-0.0502025957418978,-0.08642097511851236,-0.10318559004833255,-0.22400149079888965,-0.2544553929303253,0.8562044243858934,0.8520786723462035,0.8500189499374636,0.8502512904150566,0.850690101066758,0.8524022785003699,0.863862084553334,0.8916377687639939,0.9190650577482485,0.9361554824841772,0.944461753533672,0.9518344181454277,0.9578531690858645,0.9592053925141146,0.9631820477312505,0.9703983069208509,0.9788676234184083,0.993110453895708,1.0,0.9939097111618984,0.9820238933571401,0.9709751845385112,0.9565523242362431,0.9444637981399142,0.9660151762976086,0.9664386966849239,0.763943571512771,0.1977635158761327,-0.3414672027757612,0.16103510340480112,0.29085272934114353,0.6947841716078734,0.10493371424585961,-0.5628848681130653,-0.0418185086428343,0.6058953347906503,0.665962806566182,0.027504473939826756,-0.6158964719814675,-0.22477050295221,0.6996798843048542,0.4024546991239008,0.37997220092537476,-0.4075803592361825,-0.13635884035873885,-0.06404855316232896
-0.22423358723530323,-0.25865114745587364,-0.2904608494532205,-0.3115608170302157,-0.33128793436430143,-0.34223489376104044,-0.3000563643470907,-0.1396958699865925,-0.11474441144232074,-0.21310104663932866,-0.2590798459903333,-0.2807578720215959,-0.2774800065637968,-0.2526481087978759,-0.20228747064007851,-0.16307366839873497,-0.10718403316702917,0.01901939492264853,0.07035554216297027,0.036882265125845914,0.004495570084212652,-0.022131040748197644,-0.0572272747305587,-0.07563554887900673,-0.21177108931222802,-0.23578396996003168,0.8683696099478261,0.8657560099019029,0.8648973811175676,0.8663251885445223,0.8678180579801734,0.8704867383380983,0.8820226640693914,0.9069097897601675,0.9307471394965959,0.9445029210215615,0.94999763965674,0.9547755241870295,0.9573470394284138,0.9555081506487365,0.9556483716345026,0.959086252314361,0.9653791329273778,0.9803287781086425,0.9939097111618984,1.0,0.9942504845671247,0.9864712323277313,0.9749078970636971,0.9649093900485598,0.9617640454507482,0.9736987816750811,0.7745031468069953,0.21572099172504575,-0.35367494863295673,0.1903257966297493,0.3021155865753529,0.7071595169445327,0.12335297436100022,-0.5749722754931584,-0.016763530192159443,0.6209388041380733,0.6775397368637023,0.048885836978310795,-0.6240791529645878,-0.21085985783231015,0.715041119597871,0.4200410030454455,0.39393405362110173,-0.40573968906033825,-0.14531440540450707,-0.04523898237180599
-0.21507253031714843,-0.249912532890776,-0.28062312282944984,-0.3004549622082625,-0.3197557998618208,-0.32936400035027386,-0.28768375187466366,-0.13108618994200613,-0.1093706308448791,-0.20674205160637918,-0.25105383390353775,-0.27060654058290273,-0.26513635308333294,-0.23865602174911252,-0.18889623519365822,-0.1502467914201472,-0.09633808302110139,0.029278012588472305,0.08817477680450095,0.0563598887104406,0.026063831054094745,0.0017132072019481403,-0.031024902884288698,-0.05021554833081838,-0.1998007611959882,-0.21732091628893316,0.8720785827717014,0.8716579688446793,0.8719457082970982,0.8735877678766001,0.875821682630732,0.8793818551598472,0.8910192796136328,0.9137101022736056,0.9353379128735497,0.9468840271187986,0.9505090561013407,0.9530016299407433,0.9529877781027816,0.9486403226589968,0.9461485073732225,0.9467415131276093,0.9512947672724522,0.9646569681848008,0.9820238933571401,0.9942504845671247,1.0,0.9958633110226152,0.9877177732664246,0.9791081431482845,0.9542524235720206,0.9748716171728197,0.7776006610855168,0.2241845249338885,-0.3622946631903436,0.21162740030357569,0.31036871311077374,0.713381860393463,0.13174147083775425,-0.5822868708116415,0.0008307254991875618,0.6299592084604366,0.6848576982507718,0.06052167074730895,-0.6270346901793904,-0.2013502788588652,0.7241498037740224,0.42593853484426075,0.3963078557328468,-0.3999608721611569,-0.14696141804911797,-0.028921968160361525
-0.2102103997308268,-0.24485102070089526,-0.274963516483434,-0.29414058263541687,-0.3124825957643596,-0.320776491004807,-0.2804002629677808,-0.12798960561714698,-0.10856569937973405,-0.2045282397244809,-0.2473433187623559,-0.2647263926375692,-0.25751037785898234,-0.22992235741620046,-0.18031944852895185,-0.1423184816640673,-0.0887554103553871,0.03738480454581179,0.10138161280048354,0.07192416883984534,0.042969546490417114,0.018984542313752024,-0.013008823416712788,-0.032493524207097814,-0.19323957266983635,-0.20562634418640283,0.8724224880626509,0.871991953458295,0.8730074823609907,0.8760829559320652,0.8793788876492427,0.8835617516626652,0.8951403443593905,0.9160425508892233,0.9354925062112317,0.9450967866996923,0.947181225859375,0.9476092812238127,0.9458598060972102,0.9397484307175578,0.9350856960838559,0.9336178441121284,0.9372314407990394,0.9509547104993856,0.9709751845385112,0.9864712323277313,0.9958633110226152,1.0,0.9951202237159842,0.9893159382189456,0.945112880276985,0.9722220153764161,0.7784570305351458,0.23019052172368085,-0.3696302479307241,0.22723002219862512,0.31600881426372496,0.7146170247208112,0.14237081836076587,-0.5866279337989232,0.013103385226105933,0.6351455799056782,0.6875662564208537,0.07233629391867037,-0.6288442486223613,-0.19447635163087587,0.7287364051672165,0.4319920130103173,0.3987498028287885,-0.3942732161592037,-0.1493172216942425,-0.015389940623293095
-0.20537972654413547,-0.23951561838932564,-0.2689610780876592,-0.28651408760768265,-0.30399320319437345,-0.31023932833960133,-0.27051546147819366,-0.12252608977365077,-0.10717884591304326,-0.20156851118293675,-0.24166585345510563,-0.2585145262069151,-0.24982658054293122,-0.22078064726131835,-0.172117620863329,-0.13291079658094665,-0.08093292646585719,0.04413097680955623,0.11330124503472275,0.08483367087324292,0.05636468611057248,0.029647861827246075,0.002281922337459363,-0.014401080905786437,-0.18705869613755738,-0.1948233044361188,0.866386522260526,0.8674501706075375,0.8689394285123075,0.8723557695328773,0.8766782357536488,0.8811685988709272,0.8928156801390161,0.9120940422035699,0.9296477446238328,0.9377668710752364,0.938413671322464,0.9374906755094008,0.9344386723085231,0.926861190987269,0.9206522266986539,0.9179204063890198,0.9205021179497559,0.934712964392487,0.9565523242362431,0.9749078970636971,0.9877177732664246,0.9951202237159842,1.0,0.9962082828475921,0.9320325204066203,0.9640581593116505,0.7738692298616582,0.23124654432230868,-0.374538497081228,0.24006647899504596,0.31972951657736737,0.7128505912811203,0.14373925126354267,-0.5862936817993091,0.02360017082054905,0.6362269259768026,0.6844818674773067,0.07908599495606107,-0.6243448975306157,-0.18865756276696258,0.7283391418088287,0.43017810001766077,0.3964712301623655,-0.3852397635042186,-0.15077501073349098,-0.006289750482831174
-0.19788576621167067,-0.2318884015983333,-0.26153028005507867,-0.27929033759647076,-0.2967454959786466,-0.3020933286846909,-0.26293114731018596,-0.11881186180052693,-0.10447817934116788,-0.19567126170899957,-0.2342247737410737,-0.25034832539923413,-0.2407284629614406,-0.21169976650335579,-0.16356740151685176,-0.1239129621474844,-0.07346754397576297,0.0502556118673641,0.12455484891743514,0.09786686739944508,0.0686405719825776,0.04043842654617516,0.014693289572822184,0.003763923652341084,-0.1804101510332668,-0.1833734410248106,0.8613757172053197,0.8624209636243468,0.864396795749008,0.8690645273654637,0.8738725488163946,0.8787379070369525,0.890580533778981,0.9087111456484775,0.9248809496624079,0.9318310269713498,0.9316644133203725,0.9297439160604212,0.9255531903718333,0.9163642912950287,0.9096004222021401,0.9048959902780347,0.9068174941112136,0.9211949932085832,0.9444637981399142,0.9649093900485598,0.9791081431482845,0.9893159382189456,0.9962082828475921,1.0,0.9217288989810768,0.9574138946962245,0.7708624464825109,0.23214765460578,-0.3756708681820484,0.2521399591451545,0.32268026880061823,0.7127855960004371,0.14497295406006222,-0.5836175655346441,0.0335383588545597,0.6376563291349261,0.6823104158037323,0.08464820307945882,-0.6201208646887352,-0.18304264830998546,0.7288718435634103,0.42905551355594396,0.39467793839079446,-0.3780447913395501,-0.14933955989381487,0.00021564317836048985
-0.23727286270171535,-0.2695896796848155,-0.30288096571314305,-0.33131650384908823,-0.35247156256440765,-0.364125677479191,-0.32159261972798103,-0.1591444792559658,-0.1255944287608813,-0.2125038154278421,-0.25637656383321167,-0.2810310428682642,-0.27509339944660244,-0.24914647691765474,-0.19673778456968802,-0.1452363125832615,-0.09025559738103345,0.019795685763018208,0.06487425891356703,0.031677911422413364,-0.009137043935763553,-0.03567671832557034,-0.07274853845628065,-0.08930363356876016,-0.18177533306253235,-0.2454169487831218,0.881701486836653,0.8772185466536346,0.8736853757777107,0.8726450709383259,0.8713658624253732,0.8717232638342574,0.8798508919711342,0.906268709668587,0.9376582114245094,0.9593183126745826,0.9710063008897349,0.9785952580463031,0.9810546237532666,0.9790943204597665,0.9772258761267925,0.9727530873348912,0.9695311211857737,0.9676494118140307,0.9660151762976086,0.9617640454507482,0.9542524235720206,0.945112880276985,0.9320325204066203,0.9217288989810768,1.0,0.9726761391066818,0.7861166872695113,0.18787652450895226,-0.33352043501865897,0.17874342334782178,0.29040508579178725,0.7130383573520817,0.08695305509518984,-0.5743276160746232,-0.0364342920939233,0.6149949199818453,0.6799798695148597,0.007122471139764327,-0.6217563779083349,-0.21984808917631493,0.7127192227419895,0.3967765830343455,0.38188239966223736,-0.4279627515274902,-0.16271547457544294,-0.0429082718633379
-0.16352847962895192,-0.19584420712390677,-0.2274305720975013,-0.25230796133862743,-0.2749594403685801,-0.2851706772587048,-0.24169787921745814,-0.08558391644080512,-0.06657591198917871,-0.16653840057958288,-0.2175157973445876,-0.24259657409763372,-0.23557003001570279,-0.20894130261884047,-0.16102491825540946,-0.1170403728649894,-0.06975193110306051,0.04811869117449866,0.10462718860056223,0.07582340872396927,0.04271565508893971,0.019519911734472744,-0.014691897745160575,-0.030796933224114177,-0.1483947639449917,-0.17296488764151194,0.9414859328985318,0.9418342001641886,0.9421138062129146,0.9436861751750413,0.9446892450269103,0.9461753416021523,0.9530688419007961,0.9683564749880532,0.980501708207867,0.9821834272816933,0.9777985528720116,0.9738550616409045,0.9680139111645106,0.9592832487291391,0.9527324135775195,0.9472127686272303,0.9468433488618108,0.9541012422481104,0.9664386966849239,0.9736987816750811,0.9748716171728197,0.9722220153764161,0.9640581593116505,0.9574138946962245,0.9726761391066818,1.0,0.8218970914790319,0.27674839810084784,-0.3547262620394192,0.2729773159013511,0.29070855586802474,0.748926201690509,0.15734876566531186,-0.5879223210179232,0.053096655249850515,0.6369142344741869,0.7128215922828104,0.08156208019560234,-0.6294320981544032,-0.15146639391417474,0.7433598197519656,0.48032939642247935,0.45937609333448154,-0.45820360978335517,-0.18875381668790286,0.00027964897952303984
-0.03708147287147584,-0.057028521184526844,-0.08590200102205944,-0.10284611516525084,-0.12097236758556087,-0.12530949973765765,-0.09100235883614768,0.03144007743610095,0.0215676117015446,-0.10268823447202909,-0.17540439836317903,-0.20538025515052377,-0.20338760682370968,-0.18258200531008473,-0.15028672555385458,-0.10777314829250909,-0.0714457573798762,0.02415970222752389,0.07762279261859736,0.06896065940811928,0.04795994117900681,0.03325151713001833,0.005662748519720936,0.0007468244126742515,-0.10442214522922924,-0.0937726697889471,0.8320872099748552,0.8311410179997449,0.8283959096080671,0.8273627732161069,0.8256435316704586,0.823713822929087,0.82375253111387,0.8253070656230983,0.8159118956017479,0.798626904231548,0.782170846115146,0.7715453847337338,0.7627585068077044,0.7545630870570063,0.7505279679469418,0.7436627817395705,0.7430654621961663,0.7506996387253141,0.763943571512771,0.7745031468069953,0.7776006610855168,0.7784570305351458,0.7738692298616582,0.7708624464825109,0.7861166872695113,0.8218970914790319,1.0,0.24788914100058304,-0.3185512145872704,0.33449490633038664,0.23076172838068704,0.8701615246751048,0.2579280047479686,-0.5504480419676708,0.18306347111641622,0.6723360660241027,0.812092547892808,0.16361306839575288,-0.6011483098325555,-0.0021012540691299065,0.8175948984097767,0.5637744061474176,0.4953645303600815,-0.5570652619196972,-0.17863426121834589,0.06352550876945744
0.13357673251421506,0.13251426758913118,0.12854319928057806,0.13255826498528464,0.14005751349802728,0.12847698389413326,0.13739791048050196,0.12893286884153288,0.044588770607509834,-0.03218624967997522,-0.07089550624981117,-0.06552204373719703,-0.05558923019020164,-0.0557261137934326,-0.055478117805216026,-0.05549982227343905,-0.06286787320023093,-0.017245736660434826,0.010581429399489313,0.0043771877623908885,0.006027537861943734,0.03465454339691223,0.04102758774972455,0.043910197346437134,0.010394448179648153,0.03741514803249427,0.3935750700625303,0.4025992065872112,0.40587727850106076,0.40750489384767874,0.4054080285264808,0.4023890348227811,0.39420914182859373,0.3619222162992803,0.3051899683663659,0.2474672043224602,0.20719997595839623,0.18309604536546523,0.1657703980930309,0.1501928146398307,0.14096204970188514,0.13969145656679352,0.1469327947363255,0.16705672433361618,0.1977635158761327,0.21572099172504575,0.2241845249338885,0.23019052172368085,0.23124654432230868,0.23214765460578,0.18787652450895226,0.27674839810084784,0.24788914100058304,1.0,-0.0694793022106613,0.32650787979086154,-0.06335927792749242,0.2063187583754718,0.5341766603490631,-0.1529857299032068,0.31908747890143174,0.09685932012473916,0.2735296037354682,0.3521319697067428,-0.17121837744096935,0.27421451201202396,0.18308839482933284,0.7571589217023876,0.8170077710389364,-0.3742113957527425,-0.25480626063611955,0.183557628178247
0.18571358439433805,0.18518148537013576,0.19458003471990507,0.1956643813116917,0.16648165629869927,0.15256528555487503,0.137562191099753,0.08325014334193397,0.10271757365396449,0.16437566883236654,0.19037655780455626,0.17760456718357,0.1667926799906982,0.14698114849977134,0.11455311338492052,0.09235877847973328,0.056332903640883454,0.021329037095427286,-0.013459246557370706,0.025784787691724226,0.050706625552734724,0.0676359915280799,0.07730969499746292,0.09916544262157721,0.16463349018916643,0.16764545907557965,-0.3125134926401566,-0.3116979034875164,-0.3119197564778457,-0.3114152121236027,-0.3139529419934131,-0.31668609325042035,-0.3224466062809886,-0.3415070902301253,-0.361189787357232,-0.3658519015255678,-0.3658803281762088,-0.35850787790809746,-0.35031480573293466,-0.34034674478915583,-0.33354617213187887,-0.3280854982095928,-0.3259077641725868,-0.3315917840934501,-0.3414672027757612,-0.35367494863295673,-0.3622946631903436,-0.3696302479307241,-0.374538497081228,-0.3756708681820484,-0.33352043501865897,-0.3547262620394192,-0.3185512145872704,-0.0694793022106613,1.0,0.05665100734448495,-0.4176517567601574,-0.31154008319478715,-0.12462571942986035,0.7724586092911773,0.11568692750197086,-0.48041912547768545,-0.39635949043021595,-0.048041957685098315,0.6053228333715205,0.17897205399424232,-0.4720093405455726,-0.15674488849201557,-0.04741594125319277,-0.06378698733762535,-0.050570803517014686,-0.0402458261602688
0.3842780970600523,0.3529564899194648,0.35234259680573526,0.3324024019270889,0.3054778808573637,0.2956304253855965,0.29320101780514374,0.2645815403119913,0.20785024288006615,0.19475240083346712,0.22428258158041928,0.2470925814558172,0.25144175622435067,0.2569306573381065,0.25711406892283273,0.2600208880198182,0.2547327259697595,0.2778252088757633,0.31161324979473204,0.343158604520495,0.3502941735759269,0.3564319106420591,0.353524908040799,0.3625451344139371,0.3342361142819235,0.40144386193558235,0.3664905902115938,0.38329670479893263,0.394425360543704,0.4037633843392637,0.4092240405079865,0.4139824035510168,0.40724073259387017,0.36873609915361866,0.31229739443776144,0.26545717832077015,0.22878869788933281,0.20167226121768608,0.17567883190287814,0.15789886790915306,0.13956599317069585,0.12604202065450648,0.12036138152167665,0.13078987903048422,0.16103510340480112,0.1903257966297493,0.21162740030357569,0.22723002219862512,0.24006647899504596,0.2521399591451545,0.17874342334782178,0.2729773159013511,0.33449490633038664,0.32650787979086154,0.05665100734448495,1.0,-0.0712839200757282,0.33490468175596433,0.1692123399946838,-0.05263941147317661,0.7819200726172227,0.12937708611303902,0.18479492577861917,0.22605051192337333,-0.04270244080397745,0.5055935548422862,0.20307657495265474,0.32566291277210374,0.390071515660998,-0.32200217751521715,-0.46216447387437526,0.19802060695001011
-0.22426258125200257,-0.23308740543788836,-0.2368262386153964,-0.25533951182052417,-0.24821636337470734,-0.25719375964935126,-0.23778039755027905,-0.18338520196153166,-0.1683890332003559,-0.1964733604184779,-0.2206715973463226,-0.23065116577605474,-0.21954672777049034,-0.2163311488554265,-0.18954684157584312,-0.18457041030103763,-0.16669081734772875,-0.11853574478784569,-0.054319691501779864,-0.052874949894467574,-0.05404342060141297,-0.07109934301555744,-0.08768419965650041,-0.0907305407028051,-0.25587089776048155,-0.2441235479808181,0.22657068507155925,0.22365623029195272,0.22563647872151207,0.2258034540714979,0.22690470276882138,0.2307465120400576,0.24123548743377343,0.25769704956933315,0.2797423634618055,0.2977738288047133,0.3102626377348209,0.31231420363063794,0.31136287811674623,0.3035767080074095,0.29641227512648344,0.2899148793701881,0.28561525082686234,0.28406287728152135,0.29085272934114353,0.3021155865753529,0.31036871311077374,0.31600881426372496,0.31972951657736737,0.32268026880061823,0.29040508579178725,0.29070855586802474,0.23076172838068704,-0.06335927792749242,-0.4176517567601574,-0.0712839200757282,1.0,0.2345546186410145,0.0027634913798626594,-0.4846206754566472,-0.18616171374294782,0.8621665648706831,0.311785512529339,-0.017984994837261643,-0.4544551230861075,-0.3164744529481857,0.6674349320012479,0.026101062681654692,-0.06376962778654388,0.6378867812970688,0.188415062185134,-0.04463912205561244
-0.018212810015148264,-0.04128701336331918,-0.06422142573905701,-0.08036571020120108,-0.10173602490126217,-0.10839046559748795,-0.07550073594038392,0.028634042207904418,0.01831884331809028,-0.0752669904061694,-0.13013013264848286,-0.15804625330930647,-0.15314295025532962,-0.13549445618950037,-0.10669001009090995,-0.07170484586304705,-0.04339585308224937,0.03099019537585129,0.0960557716968231,0.09318850516969732,0.06840344249825259,0.054264747090277475,0.03877100625197007,0.03614152255367415,-0.09788540240669498,-0.05879481107121362,0.7426438074206099,0.7430685861080117,0.7426370289619744,0.7440179507242916,0.7440083339066699,0.7436267333184855,0.7451596642672846,0.7451751849488986,0.7413808315742042,0.7338208222722449,0.7224084944327878,0.712790262536184,0.7055731060630565,0.6966735154773166,0.6920032921720523,0.6845441844731917,0.6815605393175801,0.6847956358280353,0.6947841716078734,0.7071595169445327,0.713381860393463,0.7146170247208112,0.7128505912811203,0.7127855960004371,0.7130383573520817,0.748926201690509,0.8701615246751048,0.2063187583754718,-0.31154008319478715,0.33490468175596433,0.2345546186410145,1.0,-0.006259000232336487,-0.5152422397413072,0.17966984359869922,0.666156637521008,0.839276850135606,0.06673609720309227,-0.5468553775045174,-0.020694742300978612,0.8472089188489574,0.3189623554239763,0.32311336081880054,-0.4566141065557919,-0.14609018048891345,0.025732447663039084
0.07713403332761808,0.08509409163253315,0.08058715391295687,0.08153222789927354,0.08983874682908936,0.08075744075444999,0.07977525453003122,0.09192023756464515,0.03873986362863135,-0.05143964689044185,-0.10258463207725016,-0.1093980105613033,-0.10981409994451707,-0.10648086435820567,-0.11984591270361386,-0.11933566240814555,-0.11928435351682086,-0.07840012864334943,-0.05935694302050408,-0.05802734287253576,-0.0456224043412207,-0.02045271958323259,-0.01734821581357889,-0.034303905942510066,-0.042912111861028834,-0.032325214497181995,0.24807950662870654,0.2560438090274996,0.2584203422278623,0.25985129867536144,0.25910003676914733,0.2558288946469753,0.24994561523745498,0.229606870330354,0.18462802125438968,0.1327696342123568,0.09758895709237908,0.07436112500983441,0.058061603867074554,0.04816250502605483,0.042843601891632464,0.041498826167885375,0.049687896178384094,0.0721033807854988,0.10493371424585961,0.12335297436100022,0.13174147083775425,0.14237081836076587,0.14373925126354267,0.14497295406006222,0.08695305509518984,0.15734876566531186,0.2579280047479686,0.5341766603490631,-0.12462571942986035,0.1692123399946838,0.0027634913798626594,-0.006259000232336487,1.0,-0.1233266091430187,0.24035291418492083,0.10946031547919752,0.2210695555520822,0.5334473630160075,-0.1653680065829623,0.26010354801100244,0.13420199168552224,0.8008815226212888,0.4836510124874227,-0.2267231500718818,-0.14699790439365354,0.23162804924650526
0.2093888162995154,0.2234669160741987,0.24202946711024048,0.24554885657148465,0.23201072184888946,0.23163468123296072,0.20086802206703516,0.10320968098707557,0.11210388416908446,0.19536754427429817,0.23478659120332623,0.2369117531233269,0.22466072514629543,0.19657148176422723,0.15731923544294915,0.12088105719434984,0.08191511065321253,0.02739236121967343,-0.029444171268462764,-0.0006187019717427027,0.029823885610159577,0.04892619627174168,0.07627139768625946,0.10071777284920015,0.18831147125917805,0.20554783726451645,-0.5388329197235098,-0.5368975607235051,-0.535735949659666,-0.5355366984650126,-0.5377438580238076,-0.5401814154949579,-0.5474904342244539,-0.5658738377481739,-0.5872241657035111,-0.5942983060149504,-0.5947822588851036,-0.5892746751743088,-0.5799767382837231,-0.569159305800242,-0.5622971087760492,-0.5560657363591238,-0.5527690143670632,-0.55442675849135,-0.5628848681130653,-0.5749722754931584,-0.5822868708116415,-0.5866279337989232,-0.5862936817993091,-0.5836175655346441,-0.5743276160746232,-0.5879223210179232,-0.5504480419676708,-0.1529857299032068,0.7724586092911773,-0.05263941147317661,-0.4846206754566472,-0.5152422397413072,-0.1233266091430187,1.0,0.10483208206901935,-0.6467935830329504,-0.5868718217684437,-0.0408313816254222,0.8188285169873666,0.2358792286872674,-0.6683860146097279,-0.2700812271395236,-0.19072505736564857,0.07285397443491493,0.08842062665691978,-0.016360070311451695
0.3901656763632589,0.3837381816630863,0.38759274760111423,0.3760500413591737,0.36233139515755614,0.3478536503668228,0.3335083928523592,0.26599587904790284,0.19323006058334385,0.17536271023463795,0.20504075786334303,0.22863174468261385,0.2342627488233345,0.2464435330311676,0.2263970151553621,0.21534482674096292,0.19197275329585953,0.18146715668241475,0.18447237379915796,0.21253976110344053,0.22398174361718678,0.2430569139542194,0.2516016203060675,0.26374538624553795,0.3060737873292827,0.3582686835743242,0.17290309631335432,0.1878134897119105,0.1976995316415494,0.203248268385185,0.2062436123114409,0.20783056331288086,0.19687326114583611,0.1534194364172115,0.09467583811100334,0.043051633426082404,0.004313147205852498,-0.02246666653058344,-0.04718143276460198,-0.06189147143696788,-0.07579068574475045,-0.08244739239513288,-0.08271855624513387,-0.06993302144406921,-0.0418185086428343,-0.016763530192159443,0.0008307254991875618,0.013103385226105933,0.02360017082054905,0.0335383588545597,-0.0364342920939233,0.053096655249850515,0.18306347111641622,0.31908747890143174,0.11568692750197086,0.7819200726172227,-0.18616171374294782,0.17966984359869922,0.24035291418492083,0.10483208206901935,1.0,-0.038310772490792636,0.09634968352997655,0.26459084960569984,0.09694274346108478,0.7662073993359386,0.04416508292182721,0.2876259752100428,0.312772080819594,-0.28527306103775923,-0.30782380710030893,0.23782053498366498
-0.17942429412682126,-0.19732084353578597,-0.2142211956547639,-0.23645938096782376,-0.2417034229123197,-0.2512897969336125,-0.2175835924429498,-0.11750934084358496,-0.11390086058278048,-0.19547308162190655,-0.25000421382467974,-0.2741282292330849,-0.2636596688641603,-0.2508908178095792,-0.21515259585813856,-0.19159795505286648,-0.1607044596874938,-0.07601866427764296,0.004155774097618242,0.002414499415057782,-0.010665532499259783,-0.030773868031016782,-0.055477743352755696,-0.06018882519059192,-0.24786141854152408,-0.22431078977373886,0.5922503339057389,0.590526409245049,0.5914020085660132,0.5917612415799689,0.5922357946626046,0.5944919864641185,0.6027524288342434,0.6148153199242812,0.626241988317918,0.6314892099992176,0.6322371073701257,0.6274446206597082,0.6221091879199705,0.6113112916295992,0.603488394493211,0.5947696890296137,0.5909656839558838,0.5934143298309216,0.6058953347906503,0.6209388041380733,0.6299592084604366,0.6351455799056782,0.6362269259768026,0.6376563291349261,0.6149949199818453,0.6369142344741869,0.6723360660241027,0.09685932012473916,-0.48041912547768545,0.12937708611303902,0.8621665648706831,0.666156637521008,0.10946031547919752,-0.6467935830329504,-0.038310772490792636,1.0,0.6748188440273206,0.07071865224374951,-0.6480324534201751,-0.2369508665060159,0.9407428503918347,0.2856274535161868,0.18818764640741475,0.19629553498529068,0.04991382875100044,-0.0015151389265484578
-0.12002993353031065,-0.1353598445411819,-0.15747714466256088,-0.17280177749645773,-0.17456025278168102,-0.1833554446092117,-0.14054848831871622,-0.026268956486051497,-0.046307388230376334,-0.15162894717082073,-0.21860159475269755,-0.24703387012659403,-0.23545719453647795,-0.2173502393331972,-0.19471326815724005,-0.16849333125549915,-0.15251979131077897,-0.08783443088471335,-0.031097343485343855,-0.03422582049222252,-0.05331022109498844,-0.06145806096808814,-0.07950277219553878,-0.0821075186920483,-0.20758014603645816,-0.18781185498963715,0.7059031719315483,0.7072161545689541,0.7053621612176929,0.7046351702394091,0.7045437449453467,0.7040058325974404,0.7047638650371969,0.706897803447646,0.7064502277201826,0.6977505591625708,0.6858780603459226,0.676511450343817,0.6678920546287392,0.658372349539255,0.6543266346883252,0.6490534026578179,0.6479277673783131,0.6532453568129448,0.665962806566182,0.6775397368637023,0.6848576982507718,0.6875662564208537,0.6844818674773067,0.6823104158037323,0.6799798695148597,0.7128215922828104,0.812092547892808,0.2735296037354682,-0.39635949043021595,0.18479492577861917,0.311785512529339,0.839276850135606,0.2210695555520822,-0.5868718217684437,0.09634968352997655,0.6748188440273206,1.0,0.0669907204942005,-0.6054419151959421,-0.03894562957271168,0.8647573362404988,0.41424256168188955,0.2287931210191589,-0.3726920623529593,-0.07879964756849718,0.05580254112109237
0.12157807181006562,0.1125165511387016,0.10034885662704672,0.10007001011355418,0.10150676923237423,0.09451786250745829,0.08507535422380291,0.07424885627540499,0.03452520972557266,-0.019407656817819887,-0.039750895327699425,-0.03197999135212481,-0.02822375092813189,-0.02262846131449302,-0.03800049469007188,-0.04046830829819299,-0.053409747691222545,-0.0294905965229252,-0.009621981934718218,0.0007050977509948156,0.0072912702447511316,0.03121103706888417,0.036728927327867845,0.02357036538396733,0.018490925615021463,0.03224104503877107,0.1571710343997565,0.16939016077032143,0.17361478876101735,0.17816690739040833,0.17986336052423305,0.18089807844211006,0.1751824514379742,0.15161357699887307,0.1079025260451758,0.06395063776971133,0.035268836265018644,0.013392604488103284,-0.005036154441783135,-0.019169991707876317,-0.026973114252836904,-0.03003028080666031,-0.022592280375103375,-0.0014901540031514481,0.027504473939826756,0.048885836978310795,0.06052167074730895,0.07233629391867037,0.07908599495606107,0.08464820307945882,0.007122471139764327,0.08156208019560234,0.16361306839575288,0.3521319697067428,-0.048041957685098315,0.22605051192337333,-0.017984994837261643,0.06673609720309227,0.5334473630160075,-0.0408313816254222,0.26459084960569984,0.07071865224374951,0.0669907204942005,1.0,-0.03636437816245236,0.28582308596473543,0.08510326926792658,0.4699980727922419,0.3623620038754854,-0.14975029815675192,-0.12140922115065532,0.21210485454576147
0.208414440720005,0.217508541304998,0.24686588042380064,0.2616733258461283,0.25455616125422165,0.2470700835678,0.21238402363650455,0.1077279934931751,0.1012699638735076,0.19303697997871194,0.2463262599468027,0.2593543346780959,0.25470486301558115,0.22877433500424074,0.18600932884177387,0.14702978983849724,0.10662675855342847,0.038442707307493926,-0.01476065719874254,0.02319873273112394,0.053013450203136525,0.07295372534477668,0.10839793293867546,0.13617869585960948,0.2014263510226094,0.2260219198001135,-0.5777200590028938,-0.5750816561092827,-0.5719320458475788,-0.5712353294720082,-0.5716570497560383,-0.5725688446848595,-0.5797732301474774,-0.5993294366204538,-0.6212517618300945,-0.6291667202874511,-0.6308980562392936,-0.6260963415606106,-0.6181455868429054,-0.6093750986304071,-0.6050225744743724,-0.600926929376474,-0.6020628651540046,-0.607073093777257,-0.6158964719814675,-0.6240791529645878,-0.6270346901793904,-0.6288442486223613,-0.6243448975306157,-0.6201208646887352,-0.6217563779083349,-0.6294320981544032,-0.6011483098325555,-0.17121837744096935,0.6053228333715205,-0.04270244080397745,-0.4544551230861075,-0.5468553775045174,-0.1653680065829623,0.8188285169873666,0.09694274346108478,-0.6480324534201751,-0.6054419151959421,-0.03636437816245236,1.0,0.2645502081153981,-0.6834930284199715,-0.32517856249798416,-0.23761289344125297,0.1353593790468522,0.076331788957002,0.006642999851356981
0.319684810257017,0.3210612846186054,0.3337705897881634,0.3317839260047106,0.3218135852715431,0.3140109428212506,0.30707794603555166,0.23141220691160247,0.16088586927633286,0.14987440068108415,0.1747145132261778,0.19655284571942788,0.19442488761899784,0.2001245134406542,0.1668172918741769,0.15414934142713638,0.12790272904723415,0.08482180077886385,0.05666819808298901,0.06215733865194119,0.08622505403687733,0.11190425025366708,0.1250713064912473,0.13890985042665213,0.24363398289953148,0.2659548987972973,-0.02179011262290453,-0.01102225514753179,-0.0036589711059477185,-0.0005059939629321219,0.00014184034823832626,-0.0009802207465726867,-0.012358985101762586,-0.05198352530810049,-0.10819219263371341,-0.15779184714758096,-0.19463803402290603,-0.2165034493287202,-0.23702064992164704,-0.24848601795898914,-0.25654045987141766,-0.25752223700510185,-0.25715476864371245,-0.24607553848702032,-0.22477050295221,-0.21085985783231015,-0.2013502788588652,-0.19447635163087587,-0.18865756276696258,-0.18304264830998546,-0.21984808917631493,-0.15146639391417474,-0.0021012540691299065,0.27421451201202396,0.17897205399424232,0.5055935548422862,-0.3164744529481857,-0.020694742300978612,0.26010354801100244,0.2358792286872674,0.7662073993359386,-0.2369508665060159,-0.03894562957271168,0.28582308596473543,0.2645502081153981,1.0,-0.15928218295464575,0.22753392239096976,0.2228162848712078,-0.2485838689456747,-0.17812778894925738,0.20822071438593637
-0.1469094881857138,-0.16609718234643475,-0.18700512509476666,-0.20792364386847678,-0.21517430969268625,-0.22532009244362355,-0.18651873751332124,-0.07391234556838033,-0.08032450364237721,-0.1778515177367854,-0.2397194695778504,-0.2670982033047037,-0.2567583604664343,-0.24165741325521875,-0.20722814205485388,-0.1790372339864384,-0.1498517656862298,-0.06397407887210313,0.012994974258907142,0.009532649422023861,-0.009189593975907105,-0.025221495556306893,-0.049225854003073645,-0.05267227173445732,-0.2302605500749026,-0.20135428859932566,0.7124778736705737,0.7119718694564715,0.7120806849630401,0.7124416935543317,0.712723537113731,0.7137961102990422,0.7192246205668642,0.7269966223797789,0.733343688675005,0.7325864428740558,0.7276473287282109,0.720120603014044,0.7124936011509433,0.7012052983832398,0.6941855964835142,0.6859788419862732,0.6829311992956014,0.6862433072323365,0.6996798843048542,0.715041119597871,0.7241498037740224,0.7287364051672165,0.7283391418088287,0.7288718435634103,0.7127192227419895,0.7433598197519656,0.8175948984097767,0.18308839482933284,-0.4720093405455726,0.20307657495265474,0.6674349320012479,0.8472089188489574,0.13420199168552224,-0.6683860146097279,0.04416508292182721,0.9407428503918347,0.8647573362404988,0.08510326926792658,-0.6834930284199715,-0.15928218295464575,1.0,0.35982499454567346,0.24917845186722434,-0.07515191214413187,-0.023863453654187457,0.02021785698072091
0.09526064505237043,0.09238856137203014,0.0803304184480903,0.0742291666172367,0.07083953546524159,0.05831683891196259,0.07448024077771999,0.12477338576672582,0.06434814033383862,-0.05753444571133368,-0.12275727061717567,-0.13889496898048992,-0.13381795804027988,-0.1247805913492953,-0.11905738807563004,-0.10349774307495653,-0.09069373916721797,-0.014285658364848472,0.018006125352611736,0.014665894941065969,0.015658644147591452,0.033389872872963015,0.023228761669835295,0.010307708622388414,-0.02677594938445338,-0.010731039667080678,0.582627016290601,0.5889775901321251,0.5904525417222525,0.5907383455692488,0.5874062271455662,0.5825744046217907,0.5764991102405249,0.5544052592082416,0.5033140397867009,0.4458548356014763,0.40566527983222084,0.3818595848028152,0.36376846894702625,0.3505734661426345,0.3425995440544985,0.3395939872381301,0.3469615584729174,0.3702422247778577,0.4024546991239008,0.4200410030454455,0.42593853484426075,0.4319920130103173,0.43017810001766077,0.42905551355594396,0.3967765830343455,0.48032939642247935,0.5637744061474176,0.7571589217023876,-0.15674488849201557,0.32566291277210374,0.026101062681654692,0.3189623554239763,0.8008815226212888,-0.2700812271395236,0.2876259752100428,0.2856274535161868,0.41424256168188955,0.4699980727922419,-0.32517856249798416,0.22753392239096976,0.35982499454567346,1.0,0.8561881438339334,-0.48276658551810125,-0.2351157132399964,0.197405777577122
0.14766581879600654,0.140948762480074,0.1268548962684739,0.12186810632047583,0.11068153009787349,0.10066497178191025,0.11142062532000122,0.14081062187401472,0.0828225183685878,-0.018024576974425166,-0.06538507345712143,-0.07256584763028712,-0.06475742847893019,-0.057614111734443425,-0.042997701364983265,-0.022715179029090836,-0.005190145334108511,0.07166962232038995,0.09568407391002212,0.08353059497728728,0.08128088053681624,0.09229479855427321,0.08270208558694242,0.0786857449195642,0.052122211077314545,0.06884780202011609,0.5662816768729161,0.5704188920686811,0.571495131867898,0.5717592702097786,0.5675454350366529,0.5624400947312757,0.5556303561270732,0.5319887080746016,0.48004995664317446,0.42574956054157337,0.38824887981488543,0.36830655686496394,0.35352170022493623,0.341071937301204,0.33264607028579335,0.3294210822817624,0.33523856858746215,0.3537736576217877,0.37997220092537476,0.39393405362110173,0.3963078557328468,0.3987498028287885,0.3964712301623655,0.39467793839079446,0.38188239966223736,0.45937609333448154,0.4953645303600815,0.8170077710389364,-0.04741594125319277,0.390071515660998,-0.06376962778654388,0.32311336081880054,0.4836510124874227,-0.19072505736564857,0.312772080819594,0.18818764640741475,0.2287931210191589,0.3623620038754854,-0.23761289344125297,0.2228162848712078,0.24917845186722434,0.8561881438339334,1.0,-0.5304792163399383,-0.2779548955704762,0.14731919625441614
-0.116262436295489,-0.1053159006828846,-0.08707096162409551,-0.08703417923241161,-0.06945677067959556,-0.07250832220416577,-0.08762233837972935,-0.14204962226868081,-0.12391292612044591,-0.053239547047024036,-0.022949877333397223,-0.011645487765151319,-0.007299333264088269,-0.023373455933916296,-0.029171841510933633,-0.057387011104110104,-0.06859382229952056,-0.10658693469508719,-0.09006451859136462,-0.07352223091086595,-0.05919251950060808,-0.06098743981266916,-0.05208405175937047,-0.047028401603470306,-0.11834781608724747,-0.09323220096099138,-0.5256940455839579,-0.5265352275356305,-0.5216550138429225,-0.5196543498143171,-0.516022554646106,-0.5105620548257226,-0.5014569926420811,-0.4898096991338004,-0.46624461065300526,-0.43770567086132667,-0.4134889226618568,-0.401265845545875,-0.3922320279634465,-0.3889128031765988,-0.3891035625722896,-0.388611024009237,-0.39251176962419576,-0.4011467757535272,-0.4075803592361825,-0.40573968906033825,-0.3999608721611569,-0.3942732161592037,-0.3852397635042186,-0.3780447913395501,-0.4279627515274902,-0.45820360978335517,-0.5570652619196972,-0.3742113957527425,-0.06378698733762535,-0.32200217751521715,0.6378867812970688,-0.4566141065557919,-0.2267231500718818,0.07285397443491493,-0.28527306103775923,0.19629553498529068,-0.3726920623529593,-0.14975029815675192,0.1353593790468522,-0.2485838689456747,-0.07515191214413187,-0.48276658551810125,-0.5304792163399383,1.0,0.32970284079816314,-0.09694533204295923
-0.1120674995694952,-0.10209618163777917,-0.11356990089550342,-0.10671877422715902,-0.09892138634296181,-0.09345203535701865,-0.09340060589447009,-0.09851375720167514,-0.0603110261918295,-0.05038784590120612,-0.08919652664195471,-0.11227343943021717,-0.1028309684053758,-0.11232651451790875,-0.11653107236559225,-0.12180500272785555,-0.11820673372157538,-0.11397997812293766,-0.13690343859623677,-0.16570780457208914,-0.15889123124292406,-0.1750613637428751,-0.17571302789386328,-0.16854504779467788,-0.17885805388843828,-0.16057753125907293,-0.22065374778364924,-0.230868457023366,-0.23687464765597735,-0.24313704153995638,-0.24761219310303378,-0.25119595254615296,-0.24728853596938222,-0.2287822642654478,-0.20073309382528914,-0.1812773345945254,-0.16744342928067213,-0.15991519919745298,-0.15456544212228904,-0.14713897142480997,-0.13955734632440195,-0.1346160453585126,-0.1304983935790831,-0.1308127706568555,-0.13635884035873885,-0.14531440540450707,-0.14696141804911797,-0.1493172216942425,-0.15077501073349098,-0.14933955989381487,-0.16271547457544294,-0.18875381668790286,-0.17863426121834589,-0.25480626063611955,-0.050570803517014686,-0.46216447387437526,0.188415062185134,-0.14609018048891345,-0.14699790439365354,0.08842062665691978,-0.30782380710030893,0.04991382875100044,-0.07879964756849718,-0.12140922115065532,0.076331788957002,-0.17812778894925738,-0.023863453654187457,-0.2351157132399964,-0.2779548955704762,0.32970284079816314,1.0,-0.08671990213912131
0.09146621178483087,0.10230322282218834,0.09708252672410095,0.10261461905490767,0.12345544534595201,0.11658090243103286,0.10898013889299757,0.07346623143002692,0.01974233636262638,-0.03692073513857849,-0.015923534034254373,-0.006143866174338601,-0.016523772831952926,-0.011367954267561597,-0.04199736981097114,-0.05122102862707162,-0.05312016744588031,-0.022563053338000884,0.005039239481888446,0.03380070864005837,0.032557258193165024,0.04821904183046643,0.08626145287859119,0.09595624153312078,0.08946723051176847,0.04573765584495244,0.08015857522412216,0.08512691515041731,0.08624261767202746,0.08795903435304565,0.0909197708965272,0.09217603404385209,0.08546126517354555,0.065322179733198,0.039935163954227894,0.011435250016089445,-0.016169635826992636,-0.0406039796079055,-0.06351687211577416,-0.0795032227524786,-0.08901866530039869,-0.099266849624673,-0.09824109282911772,-0.08940540300401228,-0.06404855316232896,-0.04523898237180599,-0.028921968160361525,-0.015389940623293095,-0.006289750482831174,0.00021564317836048985,-0.0429082718633379,0.00027964897952303984,0.06352550876945744,0.183557628178247,-0.0402458261602688,0.19802060695001011,-0.04463912205561244,0.025732447663039084,0.23162804924650526,-0.016360070311451695,0.23782053498366498,-0.0015151389265484578,0.05580254112109237,0.21210485454576147,0.006642999851356981,0.20822071438593637,0.02021785698072091,0.197405777577122,0.14731919625441614,-0.09694533204295923,-0.08671990213912131,1.0
